site,wildtype,AAA,AAC,AAG,AAT,ACA,ACC,ACG,ACT,AGA,AGC,AGG,AGT,ATA,ATC,ATG,ATT,CAA,CAC,CAG,CAT,CCA,CCC,CCG,CCT,CGA,CGC,CGG,CGT,CTA,CTC,CTG,CTT,GAA,GAC,GAG,GAT,GCA,GCC,GCG,GCT,GGA,GGC,GGG,GGT,GTA,GTC,GTG,GTT,TAA,TAC,TAG,TAT,TCA,TCC,TCG,TCT,TGA,TGC,TGG,TGT,TTA,TTC,TTG,TTT
31,GCA,12,6,8,8,170,13,6,11,9,3,2,4,6,6,6,2,6,4,6,2,10,1,10,2,5,9,4,3,2,1,3,1,24,4,8,4,179671,17,21,3,3,6,6,6,35,5,0,4,1,1,0,2,27,1,2,3,2,6,1,1,9,0,3,5
32,GAA,36,8,0,0,13,14,1,8,4,11,1,6,7,3,5,3,22,4,4,3,13,9,9,4,2,6,2,5,1,4,3,6,180141,13,9,8,5,8,2,6,14,1,4,8,6,0,0,1,2,3,0,1,3,11,3,4,0,13,0,3,3,3,5,0
33,AAC,26,180114,15,21,9,10,4,12,9,8,2,7,3,9,3,4,5,7,7,1,3,10,10,12,4,8,2,0,4,7,6,9,11,12,6,2,2,3,3,1,4,10,4,5,11,2,3,2,0,8,0,2,5,7,5,8,1,2,3,3,1,3,9,3
34,TTG,5,1,1,1,11,6,2,0,4,0,1,0,2,2,14,8,1,4,2,1,0,7,1,1,1,0,0,0,2,7,16,9,2,0,1,2,1,4,2,4,1,4,1,1,4,4,2,3,1,1,0,1,6,2,37,4,0,0,8,0,36,13,180225,14
35,TGG,0,1,0,0,0,0,0,0,0,0,2,0,0,0,1,0,0,0,0,1,1,0,0,0,0,0,1,0,0,2,0,0,0,0,0,0,0,0,0,0,0,0,0,0,0,1,0,0,0,6,19,1,0,0,0,0,24,2,180320,3,0,0,9,1
36,GTC,0,0,0,0,2,6,2,0,0,0,0,1,5,106,2,3,0,0,1,0,0,1,0,0,0,1,0,0,0,0,0,0,0,1,0,0,3,61,6,4,0,1,0,2,30,180060,9,40,1,1,0,0,0,0,0,1,0,1,0,0,1,2,0,0
37,ACT,0,0,0,9,16,27,11,180174,0,4,0,5,0,0,0,24,0,2,0,1,1,0,0,1,0,0,1,0,2,0,3,2,0,2,0,0,5,2,1,8,3,0,0,2,0,0,0,0,1,2,2,2,7,2,2,12,0,2,0,0,2,0,0,0
38,GTC,3,0,0,1,0,0,0,0,0,1,0,0,4,65,3,4,0,3,0,0,0,0,0,1,0,0,0,0,2,9,0,4,0,2,1,0,1,18,0,1,0,1,0,0,40,179618,7,35,0,1,0,0,2,2,0,2,3,0,0,0,0,3,1,0
39,TAC,0,3,0,0,0,0,0,1,0,0,0,0,0,1,2,1,0,22,0,4,0,0,0,1,0,0,1,0,4,5,3,4,0,0,0,1,2,3,0,0,0,0,1,1,1,0,1,0,15,180211,2,57,0,0,0,0,0,4,2,0,0,1,2,4
40,TAT,0,1,2,13,0,0,0,0,0,1,0,0,0,0,2,2,0,1,0,22,0,0,1,0,0,0,0,0,1,1,1,1,0,0,0,1,0,2,0,0,0,0,0,0,0,0,1,1,2,16,5,180327,0,0,0,0,0,0,0,3,1,1,0,9
41,GGG,0,1,0,1,0,0,2,0,0,0,25,0,0,0,0,0,0,0,0,1,0,1,0,2,0,0,0,0,2,0,0,0,0,0,24,0,1,0,3,0,47,1,180224,20,0,0,9,0,1,0,1,1,1,0,0,5,0,0,7,2,0,1,0,1
42,GTA,0,0,0,0,0,3,2,1,0,0,0,0,110,0,0,1,0,0,0,1,0,0,0,1,0,0,0,0,2,0,0,0,1,0,0,1,18,0,0,1,2,0,0,0,180225,5,18,7,0,0,0,0,0,0,0,0,0,1,0,0,4,0,0,0
43,CCT,0,0,0,0,5,0,0,3,0,0,0,0,0,0,0,0,0,0,0,11,22,153,39,179978,0,0,1,0,1,0,0,15,0,0,0,0,0,0,0,1,1,0,2,1,0,0,0,0,0,0,0,1,0,0,0,34,0,0,1,0,0,0,0,0
44,GTG,14,7,3,1,1,1,0,0,0,1,1,7,6,4,42,9,1,3,0,0,0,0,0,0,1,0,3,0,2,1,1,1,0,0,0,0,5,0,10,2,0,0,0,0,60,9,180172,24,0,0,0,1,2,2,2,5,0,1,0,0,2,0,3,0
45,TGG,0,0,0,0,0,1,0,0,0,0,1,1,0,0,0,0,0,0,0,0,0,0,0,0,0,0,8,0,0,0,0,0,0,0,0,1,0,0,1,0,1,0,1,0,0,0,0,0,0,6,31,6,0,0,0,0,21,0,180303,4,0,8,1,6
46,AAA,179944,5,47,10,5,10,4,0,28,5,2,2,6,1,3,6,7,3,0,8,0,0,0,0,0,7,3,1,1,3,2,2,57,1,1,3,4,7,0,3,1,1,4,1,3,4,1,2,4,1,0,11,1,0,1,2,0,2,1,3,3,2,1,2
47,GAC,2,66,1,2,4,5,9,1,0,11,0,3,0,1,1,1,1,1,1,6,7,10,2,4,2,2,0,1,3,1,0,0,57,180015,7,56,5,8,3,8,1,16,5,0,1,10,0,0,0,9,0,4,4,9,0,1,0,0,0,0,2,5,0,1
48,GCA,0,0,0,1,256,1,2,3,1,4,0,4,1,0,3,3,1,0,3,4,0,0,0,3,0,2,1,0,2,0,0,0,8,0,1,3,179333,13,169,14,16,2,4,6,47,2,10,2,0,0,0,1,22,4,5,2,0,1,0,1,1,1,0,2
49,GAG,5,5,37,9,3,8,10,5,3,4,4,3,5,12,4,4,3,2,1,11,7,1,2,4,1,9,4,6,6,8,14,1,46,12,179853,44,7,7,4,16,0,3,29,5,10,2,20,9,4,2,4,12,7,6,4,4,0,7,3,6,6,2,3,4
50,ACC,0,3,0,0,27,179961,11,42,0,2,0,3,1,24,1,2,1,0,0,0,4,11,2,3,0,0,0,2,0,0,0,0,1,3,1,0,8,4,6,3,0,4,3,2,2,7,3,2,0,0,0,0,2,8,0,4,0,4,1,3,1,0,0,1
51,ACC,0,7,1,2,44,179969,2,23,1,7,0,5,8,25,2,7,0,0,0,0,2,12,1,4,0,1,2,1,1,1,1,0,0,1,0,0,1,5,0,6,5,1,0,1,1,1,4,1,0,2,0,4,10,5,2,2,0,2,2,5,4,4,1,0
52,TTA,0,0,0,3,2,3,0,2,2,0,0,0,3,0,0,2,0,0,0,0,2,0,0,0,1,0,2,0,89,2,6,2,0,0,0,0,0,0,1,2,0,0,0,0,8,6,2,1,3,1,0,0,16,0,1,0,0,0,2,1,179909,7,9,2
53,TTT,0,0,0,0,0,2,0,2,0,0,0,1,7,2,2,35,0,1,0,1,2,3,1,2,0,0,0,1,16,0,0,13,0,0,0,1,0,0,0,1,0,0,0,0,5,3,0,5,0,3,0,8,0,0,0,6,0,0,1,1,16,14,10,180271
54,TGT,0,0,1,0,1,0,0,0,0,0,0,3,0,0,0,0,1,0,0,0,0,0,0,0,3,0,0,6,0,0,1,0,3,0,0,2,0,0,0,0,0,0,0,1,0,0,0,0,2,0,0,27,0,0,0,1,5,22,2,180341,0,0,0,6
55,GCA,0,0,0,0,135,2,1,3,0,0,1,3,4,4,4,4,0,1,0,1,3,0,0,0,0,1,0,0,0,0,2,0,10,0,0,0,179495,8,10,8,3,3,2,4,304,1,2,1,0,0,0,1,11,4,5,3,0,0,0,0,0,0,1,0
56,TCA,2,2,1,3,15,5,2,8,0,9,0,4,1,2,4,2,4,28,1,14,5,0,0,0,0,0,0,0,1,0,0,1,0,0,1,0,5,2,1,4,0,0,0,3,11,2,3,4,10,1,0,0,179783,9,100,4,2,0,11,2,18,0,0,0
57,GAT,6,2,5,37,9,2,2,5,4,3,6,2,4,0,6,5,5,4,0,5,0,2,0,4,1,3,1,3,5,2,6,4,8,10,1,179673,2,1,1,2,5,2,2,9,4,1,4,2,0,4,0,20,3,7,3,1,0,1,2,0,0,2,2,2
58,GCT,2,1,1,5,6,2,3,130,2,1,1,0,6,8,1,3,1,1,3,1,4,9,5,2,2,5,0,3,2,1,0,0,1,0,1,8,1,23,0,179814,0,0,5,2,9,6,2,51,0,1,0,9,5,3,4,25,0,0,0,0,1,1,3,4
59,AAA,180053,6,14,7,5,0,0,0,10,0,0,0,11,0,1,0,0,0,1,1,1,1,0,0,0,1,1,0,1,0,0,0,9,2,0,0,0,0,0,0,2,0,0,0,0,0,0,0,0,2,0,0,0,0,1,0,0,0,0,0,2,0,0,0
60,GCA,2,7,0,4,100,8,4,3,1,7,0,5,4,4,7,8,12,10,9,8,6,2,8,2,0,0,0,0,3,5,4,2,4,0,0,0,179884,5,13,6,12,10,0,6,59,1,2,6,1,3,0,4,19,3,11,1,0,0,1,0,5,6,16,9
61,TAT,0,0,3,3,1,4,0,2,0,1,0,4,5,1,1,6,10,6,9,37,8,4,2,0,0,0,0,0,1,4,2,1,0,0,1,0,0,4,5,0,1,4,1,2,2,4,3,4,4,13,0,180194,0,0,1,1,0,2,2,14,4,4,6,2
62,GAG,3,5,33,2,11,1,1,3,1,0,6,1,1,0,3,1,4,1,7,1,3,3,3,2,0,0,1,3,5,1,3,2,20,14,179851,22,2,3,2,0,3,2,60,8,0,0,6,1,0,1,3,12,2,1,1,1,0,3,0,0,8,6,4,3
63,ACA,40,7,2,4,179859,5,38,15,5,3,1,0,35,2,4,7,3,3,2,0,6,16,5,3,7,10,5,3,3,5,2,3,1,4,3,1,40,8,1,0,1,10,1,0,2,2,1,0,0,1,0,2,5,1,1,1,0,5,2,0,0,4,0,1
64,GAA,33,12,0,8,2,4,1,0,0,2,1,1,0,0,1,2,3,0,0,0,0,0,1,0,0,1,1,0,1,0,1,0,179992,7,7,8,1,0,0,0,20,0,3,8,1,0,0,2,1,0,0,3,3,3,2,4,0,0,0,0,0,0,0,0
65,AAG,107,12,179855,50,5,7,13,0,3,0,17,2,4,0,2,0,5,20,2,9,1,1,2,0,5,5,1,6,4,2,5,1,6,8,7,8,2,0,0,0,1,3,0,0,3,1,0,0,0,5,0,2,4,1,2,0,1,2,10,2,0,0,2,1
66,CAT,0,5,0,28,2,3,0,3,0,2,0,4,4,2,1,5,8,16,8,179958,1,0,0,1,0,0,0,2,2,1,2,3,0,0,0,1,2,4,8,1,4,0,0,1,0,0,0,2,0,4,0,70,3,2,1,0,1,0,1,0,4,1,0,0
67,AAT,4,12,3,180317,5,4,5,1,1,2,0,16,3,0,0,1,0,0,0,0,0,0,0,0,1,0,0,0,0,0,2,0,3,5,0,37,0,0,0,0,0,0,1,0,1,1,1,2,2,2,0,2,0,1,2,0,0,0,0,3,2,3,0,4
68,GTC,2,0,1,2,3,2,0,2,2,1,3,1,4,51,5,4,3,0,0,0,0,0,0,1,0,1,1,0,3,4,0,0,0,3,0,0,1,12,0,0,5,3,1,1,35,179884,1,31,1,2,1,2,2,1,0,1,0,4,2,2,2,25,3,1
69,TGG,0,1,0,0,0,0,0,0,2,0,17,0,4,2,3,0,0,0,2,3,0,0,0,0,3,0,16,0,0,0,1,0,1,0,1,0,3,2,6,0,0,0,2,0,4,1,4,1,0,1,18,0,0,0,1,0,23,1,179979,6,1,0,5,0
70,GCT,11,1,0,3,4,8,0,87,0,4,0,0,1,7,2,2,3,7,3,9,1,0,0,1,0,0,0,0,3,0,3,1,0,0,0,11,7,47,2,179682,11,3,1,6,2,4,0,64,0,4,0,0,5,5,2,16,0,1,1,0,1,1,3,3
71,ACA,7,2,3,3,179904,12,22,4,1,2,3,0,73,4,0,1,2,3,0,2,1,1,0,1,2,5,0,0,3,3,0,1,1,0,0,0,10,1,0,0,2,0,0,1,6,0,8,0,1,1,0,0,0,1,1,0,0,3,0,0,3,0,1,0
72,CAT,3,1,2,10,2,5,0,1,2,1,0,6,0,0,2,2,14,21,3,180148,1,6,0,5,2,6,1,16,2,2,2,2,0,1,0,4,0,0,1,0,2,4,0,1,0,0,1,1,0,0,0,59,0,0,4,4,0,0,0,0,0,0,0,0
73,GCC,0,0,0,0,0,80,0,0,0,0,0,0,0,0,0,0,0,0,0,0,0,0,0,0,0,0,0,0,0,0,0,0,0,1,0,0,40,179863,2,34,0,0,0,0,0,66,0,0,0,0,0,0,0,13,0,0,0,0,0,0,0,0,0,0
74,TGT,0,0,0,0,0,0,0,0,0,0,0,15,0,0,1,0,0,3,2,3,0,0,0,0,0,0,0,97,2,0,0,1,0,0,0,1,0,1,0,3,1,0,0,11,0,0,0,0,0,0,0,67,0,0,0,2,3,22,1,179951,0,0,0,0
75,GTA,1,3,0,1,4,9,1,4,1,0,1,2,110,3,1,2,2,3,3,3,29,20,8,14,1,1,0,0,7,2,0,1,3,0,0,0,16,0,1,4,0,0,0,0,179908,0,34,2,0,4,0,2,0,3,1,0,0,0,0,0,14,2,0,1
76,CCC,0,0,0,0,0,8,0,2,0,2,0,0,0,0,1,0,1,12,0,3,31,179750,4,27,0,2,1,0,4,24,7,3,1,0,0,0,5,9,2,6,0,1,0,3,0,1,1,0,0,0,0,1,1,95,1,2,0,0,0,0,4,0,4,2
77,ACA,9,14,6,2,179025,51,303,32,2,8,0,2,121,12,5,14,9,14,7,11,6,6,6,4,5,5,3,2,6,6,2,6,9,1,3,2,17,4,5,9,3,8,1,3,3,8,4,2,0,14,0,9,11,6,1,4,0,1,3,1,13,22,1,2
78,GAC,0,31,0,2,5,2,7,2,0,1,1,1,0,4,0,0,2,5,0,3,4,1,5,0,5,3,1,0,1,2,1,1,35,179601,7,85,0,3,2,3,4,18,4,4,0,7,0,0,0,45,0,0,0,4,1,1,0,0,1,2,3,2,2,2
79,CCC,0,0,0,0,6,44,0,6,0,0,1,2,3,0,3,0,1,27,0,2,45,179101,0,25,0,2,0,0,1,26,1,1,0,0,1,0,1,1,0,0,1,0,0,2,0,0,0,2,0,2,0,0,0,32,2,0,0,0,0,0,0,3,2,1
80,AAC,20,179588,14,70,10,27,3,5,5,23,0,6,8,9,6,16,10,19,6,6,2,0,0,0,4,4,3,2,5,2,4,6,5,33,5,0,2,3,1,0,7,5,2,2,4,6,2,4,1,9,0,4,3,3,2,3,0,0,5,1,5,15,15,2
81,CCA,14,2,2,2,37,11,4,2,0,1,3,2,11,1,2,5,41,27,22,8,179396,5,12,6,3,2,0,3,12,5,1,4,3,1,0,0,8,1,8,5,4,5,0,1,8,2,4,5,0,3,1,6,30,1,5,4,0,2,3,3,0,3,3,4
82,CAA,10,2,2,1,4,3,2,2,3,3,0,2,4,8,3,0,180157,9,15,15,2,3,1,5,64,6,2,3,4,6,1,7,8,10,2,1,7,0,3,2,3,2,2,1,3,5,0,4,11,0,0,7,4,6,6,6,2,1,0,2,3,2,8,7
83,GAA,11,2,0,0,2,4,2,1,0,1,0,1,0,3,1,1,4,2,4,1,3,4,1,3,0,0,0,0,0,0,0,0,180363,5,11,3,1,0,0,0,5,5,2,0,1,0,0,0,6,0,0,0,2,2,2,2,0,0,0,0,0,0,0,0
84,ATA,16,4,5,2,15,9,6,21,5,1,1,4,179888,3,78,10,8,1,1,2,0,0,0,0,2,2,1,4,2,5,1,1,3,2,1,1,5,1,0,1,1,2,3,1,17,1,4,4,1,4,0,5,2,0,1,0,0,3,1,1,13,3,3,9
85,CAT,8,3,5,27,62,8,3,8,2,1,0,4,8,1,0,7,13,7,8,177388,9,5,1,5,6,0,0,11,7,0,3,6,3,3,0,5,2,1,0,6,1,2,0,0,3,2,0,5,0,1,0,40,5,3,1,3,0,0,2,1,3,2,2,2
86,TTG,0,2,1,1,3,0,1,3,0,0,0,1,3,8,13,10,0,0,1,2,0,0,0,1,1,0,0,0,7,8,12,2,0,0,2,0,1,5,0,5,0,0,0,0,8,7,8,3,1,0,0,0,1,1,7,0,1,2,4,0,35,0,178430,70
87,GAA,43,12,2,1,1,4,0,0,6,2,3,2,2,3,5,3,1,1,3,0,3,5,1,0,3,3,1,6,0,0,1,2,179592,5,8,1,0,5,0,4,99,3,4,0,9,3,5,5,3,2,0,8,10,6,6,5,1,1,1,0,5,6,3,5
88,AAT,19,11,10,179363,6,8,5,6,13,2,0,13,0,0,1,6,6,4,4,13,0,0,0,1,8,5,3,6,0,3,0,0,1,1,4,18,2,2,2,1,1,2,0,3,1,3,0,0,1,5,0,7,0,3,0,1,1,0,1,0,2,4,1,4
89,GTG,0,1,1,0,5,1,2,1,0,0,0,0,3,5,37,10,1,2,0,0,0,0,0,0,0,1,2,0,1,2,0,4,0,0,1,1,0,2,12,1,0,0,0,0,29,6,179418,36,0,1,1,2,0,0,0,0,1,0,3,2,4,5,4,1
90,ACT,4,1,0,27,4,16,5,179602,8,1,2,3,11,0,3,46,6,1,7,2,0,1,0,6,1,4,3,2,3,1,1,1,1,0,1,0,1,1,0,26,0,0,0,4,1,0,0,2,0,2,0,4,1,1,3,8,0,0,5,1,0,1,0,0
91,GAA,32,0,0,1,4,1,0,0,0,2,0,1,1,5,1,0,6,0,0,0,0,0,0,1,0,0,0,0,3,0,0,1,179535,6,41,11,18,0,0,3,19,2,0,0,1,8,2,0,0,2,0,4,2,0,0,3,0,0,0,1,2,0,0,0
92,GAG,2,1,30,0,1,0,1,0,0,2,0,0,2,0,0,0,0,0,1,4,0,1,0,0,0,3,0,0,0,1,0,0,82,5,179745,26,1,1,0,3,1,0,6,2,0,0,3,3,0,3,5,2,0,1,0,2,0,0,2,0,0,0,0,1
93,TTT,0,0,0,0,0,0,0,0,0,0,0,0,0,0,3,3,0,2,0,0,0,0,0,1,0,0,0,0,1,1,0,8,0,0,0,0,0,0,0,0,0,0,0,0,0,0,0,1,0,1,0,10,0,0,0,3,1,0,1,1,4,15,0,179330
94,AAC,14,179457,0,30,1,4,6,1,0,48,1,5,0,1,0,0,4,4,3,2,0,0,0,0,1,0,0,1,0,0,0,0,1,36,1,7,0,0,1,2,0,0,0,1,0,0,0,0,0,4,2,3,1,1,4,6,2,0,0,0,0,1,1,2
95,ATG,0,0,4,0,5,1,6,6,1,4,0,1,54,9,179441,27,0,0,0,0,0,0,0,0,0,0,1,0,1,1,3,6,4,0,1,0,6,2,6,3,0,0,0,0,1,2,35,9,1,0,0,0,3,0,1,1,0,4,0,4,5,0,4,0
96,TGG,1,3,0,0,0,0,0,0,0,0,0,0,0,0,2,0,0,1,1,4,0,0,0,0,0,0,32,1,0,0,0,0,0,1,0,0,0,1,0,1,1,0,3,2,0,0,0,0,0,5,25,0,0,0,0,0,34,0,178933,3,1,10,5,0
97,AAA,177735,9,14,7,8,5,2,3,16,3,4,0,1,2,5,3,5,8,0,0,0,0,1,2,3,6,1,8,0,2,4,1,16,2,3,0,1,1,1,1,0,1,0,1,2,0,3,0,0,0,0,0,8,11,1,7,0,1,0,0,0,5,1,1
98,AAT,2,13,0,179163,2,1,0,0,0,1,0,5,1,0,1,46,0,1,4,2,0,0,0,0,1,0,0,0,1,0,3,0,0,0,0,12,0,0,0,0,1,0,3,0,0,0,0,0,0,0,0,1,2,2,2,0,0,0,0,0,2,1,3,0
99,AAC,22,179970,4,44,3,8,1,2,2,24,2,0,3,7,0,1,3,2,1,5,1,8,4,7,1,1,3,1,1,2,2,0,2,47,3,3,4,1,1,2,6,2,1,1,1,6,1,2,0,4,0,2,0,9,3,0,0,1,3,1,1,2,2,0
100,ATG,2,0,1,0,1,0,2,0,0,1,0,0,39,4,179192,20,1,0,1,0,0,0,2,1,0,0,2,0,3,7,9,0,0,0,0,0,0,0,0,0,0,0,0,0,2,1,31,3,0,0,0,0,0,0,0,0,1,0,2,0,4,0,1,0
101,GTA,0,2,0,2,0,1,1,1,0,1,0,0,84,6,1,3,0,1,0,1,1,1,0,4,0,0,0,0,2,3,0,1,2,0,0,0,21,7,8,3,0,0,0,0,179732,3,36,3,3,0,0,0,0,2,0,0,0,1,0,0,5,0,1,1
102,GAG,1,3,53,7,6,0,11,0,1,0,0,0,0,2,1,0,4,2,3,2,0,1,0,0,6,0,7,0,1,2,5,1,85,10,179072,27,1,1,6,0,0,1,9,1,1,5,8,0,0,1,6,1,3,2,1,0,0,0,0,1,2,2,1,2
103,CAG,2,4,4,1,3,1,1,1,1,0,4,0,2,0,0,5,36,9,179175,4,0,0,0,0,5,0,32,1,0,4,5,2,2,2,2,2,1,3,1,3,0,1,0,3,1,0,5,0,0,3,91,0,1,0,1,0,0,0,1,0,0,0,2,5
104,ATG,1,0,3,0,3,0,4,0,0,0,0,1,88,7,179563,27,0,0,0,0,2,0,0,0,0,0,0,0,1,3,4,8,0,0,0,0,0,4,0,0,0,0,0,0,2,0,3,4,1,3,2,6,0,0,0,0,0,0,0,0,0,1,8,3
105,CAT,4,2,1,26,0,2,1,3,0,1,2,0,1,0,0,0,13,20,0,179523,1,0,0,0,2,1,3,10,1,5,2,7,2,1,0,2,0,0,0,2,0,0,2,0,3,0,2,2,0,1,0,74,4,2,7,2,0,0,1,2,0,1,1,2
106,ACA,20,4,9,3,179553,5,46,7,1,2,3,3,72,8,5,2,17,5,1,3,0,0,0,0,2,1,6,2,3,3,6,2,5,6,2,1,39,8,6,2,0,1,0,1,3,7,4,6,1,11,0,2,8,6,3,4,0,2,2,0,7,6,5,2
107,GAT,0,4,0,27,2,0,0,4,0,1,0,0,0,0,0,0,1,1,0,1,0,0,0,0,1,0,0,0,0,0,0,1,6,19,0,179883,5,0,0,0,1,0,3,1,1,0,0,7,1,0,0,7,2,1,0,0,0,0,0,0,0,0,0,0
108,ATC,0,1,0,1,16,26,6,3,0,6,2,4,24,179591,7,29,7,2,2,4,0,0,0,0,0,0,0,1,1,2,2,1,0,0,0,0,4,7,4,6,0,1,0,1,8,15,2,11,0,1,1,2,2,4,3,2,2,0,0,6,2,8,0,0
109,ATC,3,21,1,12,4,36,1,7,1,4,4,2,18,179213,9,49,12,7,7,6,2,0,2,0,1,5,1,1,7,12,10,6,8,8,4,2,0,1,3,1,0,3,4,0,9,12,4,5,0,3,1,3,3,4,4,1,1,3,2,3,13,12,5,0
110,AGT,11,10,7,51,10,7,5,25,15,34,0,179473,5,4,8,7,6,9,4,7,0,0,0,0,8,5,2,7,2,4,0,4,16,6,10,3,4,2,4,3,1,6,0,33,4,2,2,4,0,4,0,5,5,5,9,4,0,1,3,7,0,3,5,2
111,CTA,0,3,0,0,3,5,0,4,0,0,0,1,31,1,0,3,12,9,13,4,33,0,0,0,2,0,0,0,179570,3,32,0,2,0,0,0,2,3,1,2,1,3,0,0,1,0,3,3,0,0,1,0,0,0,1,2,0,0,0,1,26,0,2,0
112,TGG,0,2,1,0,5,2,2,4,1,7,6,5,1,2,18,2,8,1,1,1,0,1,0,0,0,0,3,0,2,0,2,2,0,0,0,0,6,6,8,3,2,0,1,3,7,7,5,5,0,5,21,3,4,8,4,2,38,3,179590,17,0,9,11,7
113,GAC,2,29,1,0,9,8,3,9,2,9,0,6,0,1,4,2,5,10,2,2,0,0,0,0,1,0,2,1,1,4,0,1,30,179468,11,35,1,16,6,1,2,15,2,1,0,1,2,0,1,4,1,3,7,11,6,1,1,0,0,0,0,0,1,0
114,CAA,19,3,1,7,2,3,3,1,0,2,2,2,3,2,0,2,179706,7,23,1,0,0,0,0,34,3,5,5,1,3,2,1,16,5,5,4,2,1,5,3,2,2,0,1,2,2,3,0,15,2,0,0,11,1,3,0,0,2,0,0,1,0,0,0
115,AGC,2,41,1,1,0,8,1,0,9,179793,4,34,1,6,3,2,0,4,1,4,0,0,0,0,0,10,0,4,1,0,1,0,0,0,1,0,5,8,8,4,2,23,0,0,0,2,1,0,0,2,0,0,2,0,4,2,0,11,0,2,2,0,2,0
116,CTA,0,0,0,1,0,2,2,3,1,0,2,1,26,0,1,5,4,0,2,0,35,0,1,0,1,4,0,1,179938,10,29,6,0,0,2,0,1,1,0,0,0,0,1,0,2,0,0,0,1,0,0,0,3,0,2,1,0,0,2,0,18,0,7,0
117,AAG,65,3,178451,13,4,1,5,6,8,2,33,10,2,1,9,8,9,2,8,7,1,0,0,1,1,0,5,0,7,0,6,4,5,0,45,9,6,0,5,5,3,0,1,0,4,0,1,1,1,0,1,2,6,1,2,4,1,0,3,2,4,1,13,4
118,CCA,2,1,0,1,36,9,7,1,0,3,1,3,3,3,2,0,28,3,9,0,179323,13,18,5,0,0,0,0,17,3,0,0,2,0,2,0,5,3,4,2,3,1,3,1,7,0,1,1,1,10,0,5,90,9,3,5,1,1,6,0,3,6,7,10
119,TGT,1,4,1,6,8,1,1,5,1,1,4,13,3,1,2,0,4,3,6,3,1,1,1,0,1,3,2,20,2,1,1,0,2,0,1,0,11,6,1,12,0,0,1,2,6,0,7,6,1,2,2,49,3,3,3,7,8,21,1,179928,0,1,0,8
120,GTA,4,1,1,2,13,15,6,5,0,0,4,1,68,7,1,6,5,6,1,3,0,1,0,3,4,3,1,1,12,7,3,11,3,4,2,5,20,5,0,1,1,2,3,0,179872,8,36,6,0,5,1,1,0,2,3,4,0,0,0,0,28,1,7,1
121,AAG,50,12,179810,36,2,2,3,2,7,8,18,9,10,6,1,4,8,9,2,9,7,4,2,0,4,5,6,3,5,1,6,0,5,0,19,0,0,4,7,2,0,1,3,1,0,2,3,4,1,2,0,4,5,13,14,8,0,4,0,8,3,2,4,1
122,TTA,0,0,0,0,0,0,1,1,0,0,0,0,1,3,0,0,1,0,0,1,1,1,0,1,0,0,0,0,19,4,1,8,0,0,0,0,0,1,0,2,0,0,0,0,0,3,2,1,0,0,0,0,2,0,0,0,0,0,0,0,179565,0,26,1
123,ACC,6,25,3,3,15,179267,6,28,4,10,2,4,1,55,1,0,2,8,3,5,0,2,1,5,0,1,0,0,1,3,1,1,4,0,5,0,2,26,2,9,4,7,3,0,1,0,2,2,0,2,0,3,8,8,4,0,0,2,3,0,0,4,1,3
124,CCT,1,3,0,5,2,3,0,15,3,3,2,2,2,2,2,2,2,4,1,16,11,69,4,177542,0,0,0,1,2,1,5,22,0,3,2,1,0,0,0,1,0,8,1,4,1,1,1,0,1,1,0,0,2,5,0,12,0,0,2,1,0,0,0,1
125,CTC,0,0,0,0,0,1,0,0,0,0,0,1,2,2,0,0,0,0,0,0,0,6,0,0,0,0,0,0,19,179290,2,23,0,0,0,0,0,3,1,0,0,0,0,0,2,0,0,4,0,0,0,0,0,0,0,0,0,0,0,1,1,13,0,0
126,TGC,2,2,0,0,0,0,0,0,1,5,0,0,0,1,0,0,0,1,1,0,0,2,0,0,0,17,0,0,0,0,0,0,1,0,0,0,3,0,0,0,0,2,0,0,0,0,0,0,0,31,0,0,1,0,0,0,7,179773,2,136,1,0,0,2
127,GTT,2,3,2,0,6,5,1,6,2,0,1,0,5,2,0,44,1,0,0,0,0,0,0,0,0,6,5,3,0,2,0,1,2,3,0,1,2,2,0,9,0,0,0,0,10,8,8,124946,1,0,0,0,3,0,0,0,0,3,0,3,2,0,1,2
128,ACT,0,0,0,2,4,32,7,125022,0,1,0,6,3,2,1,23,1,1,1,2,1,0,0,2,0,0,0,1,0,1,0,0,1,0,0,2,2,1,0,4,0,0,0,0,1,1,0,2,1,0,0,0,1,2,1,6,0,0,0,0,0,0,0,1
129,CTA,0,1,0,0,0,0,0,1,0,0,0,0,9,0,0,0,0,2,0,0,22,1,0,1,0,1,0,0,125129,6,27,3,0,0,0,0,0,1,0,0,0,0,0,0,0,0,0,0,0,0,0,0,0,0,0,0,0,0,0,0,23,4,3,1
130,CAG,2,9,23,3,2,7,2,1,6,3,1,3,1,6,1,2,41,4,124989,21,0,0,1,1,2,4,19,7,2,1,8,3,1,0,4,1,2,2,3,4,0,0,1,2,5,2,4,2,0,4,25,3,1,3,2,6,0,0,0,1,2,0,0,4
131,TGT,0,0,0,0,0,0,0,0,0,0,0,1,0,0,0,0,0,0,0,0,0,0,0,0,0,0,0,10,0,0,0,0,0,0,0,0,0,0,0,0,0,0,0,0,0,0,0,0,0,0,0,36,0,0,0,0,6,26,0,124876,0,0,0,3
132,ACC,3,9,0,1,22,125005,7,16,2,4,1,0,1,37,0,0,1,1,0,4,1,1,0,0,4,0,2,0,0,0,1,0,5,0,2,0,1,18,0,0,1,3,5,1,0,0,5,6,0,1,1,2,2,6,1,1,2,0,3,1,0,1,2,1
133,AAT,7,11,4,125131,6,3,3,3,0,4,1,12,6,3,3,3,6,5,2,6,8,8,7,6,2,0,0,1,3,0,1,1,0,0,7,9,7,2,1,1,0,4,3,3,5,2,1,1,0,2,1,3,3,5,3,2,0,0,2,1,1,0,4,1
134,GTC,1,1,0,0,2,0,0,1,0,1,0,0,1,29,0,1,0,0,0,1,9,6,6,4,1,0,0,0,5,8,1,0,0,5,1,0,0,8,1,1,2,1,2,0,18,124795,2,23,1,2,0,3,0,0,2,1,0,0,1,0,3,10,1,0
135,ACC,7,23,1,0,27,124451,2,14,1,4,0,3,1,28,3,2,2,8,1,3,3,7,3,3,1,2,3,2,4,4,5,6,2,5,0,4,7,13,3,1,1,6,4,2,3,3,3,2,2,0,0,3,1,7,0,2,0,5,3,0,3,1,5,9
136,AAT,14,12,4,124800,2,3,1,4,2,0,1,8,0,0,2,1,1,9,3,1,4,1,1,0,3,1,3,6,1,2,0,0,1,1,2,6,0,2,3,10,1,0,1,0,0,6,1,3,0,0,0,7,0,1,2,0,0,0,1,0,4,0,1,0
137,AAT,11,10,5,124971,1,1,0,2,0,1,0,2,1,0,5,5,1,2,3,3,2,0,0,1,2,5,0,0,0,0,2,1,0,0,0,8,0,1,0,0,0,0,1,0,0,0,0,0,0,0,0,1,1,0,1,3,0,1,1,3,3,0,0,2
138,ATC,6,1,0,2,1,9,3,2,2,7,3,0,7,125058,3,21,2,0,2,3,1,3,2,0,0,3,0,0,0,3,2,0,2,0,0,0,2,8,1,1,2,3,5,6,0,11,3,3,0,3,0,2,3,2,1,2,2,3,1,1,4,4,1,2
139,ACT,3,0,0,28,14,23,7,125061,2,1,0,8,0,0,1,16,0,0,0,0,0,0,3,0,0,0,0,0,0,0,0,0,0,0,1,0,1,1,1,13,0,0,0,2,1,0,0,0,0,0,0,0,1,2,0,5,0,0,2,1,0,0,0,0
140,GAT,4,0,3,47,3,1,2,0,1,0,0,1,4,3,2,1,3,2,1,2,2,2,1,0,0,0,3,0,0,1,1,0,5,6,0,124532,2,2,2,1,0,0,1,12,1,0,1,1,0,4,0,5,1,0,2,0,0,0,0,0,3,2,5,7
141,GAC,8,18,2,0,5,3,2,1,4,1,2,4,3,3,1,0,5,2,3,1,1,1,0,3,0,0,2,2,2,3,0,1,26,124764,10,39,1,4,6,4,2,32,3,1,4,2,0,2,0,7,0,1,3,4,8,5,0,0,1,1,2,2,0,0
142,ATG,1,0,24,0,1,2,7,0,1,0,2,1,17,2,125028,9,3,0,0,0,0,0,0,1,2,1,1,2,0,2,0,1,0,0,2,1,0,1,2,0,0,1,0,2,3,3,7,1,1,0,0,0,1,0,1,0,0,0,3,2,1,0,1,1
151,AGG,1,1,55,0,0,1,2,2,22,1,124866,7,2,1,25,2,3,1,0,4,1,0,0,1,1,0,5,3,1,0,1,2,1,0,1,0,0,0,3,2,1,1,37,0,1,1,0,1,1,1,0,1,1,0,4,2,0,2,7,0,2,0,1,1
152,GGA,0,3,1,2,1,2,1,0,43,1,8,0,2,0,3,0,2,2,0,1,5,1,2,1,0,0,4,1,1,0,1,7,21,1,3,2,7,1,0,0,124767,2,109,12,9,0,3,3,0,1,0,0,1,1,0,0,1,1,1,0,2,3,0,1
153,GAA,34,0,5,1,2,0,1,2,0,4,0,0,1,0,0,0,11,1,2,1,0,0,3,0,1,3,2,0,1,2,2,0,124948,0,6,10,0,1,4,1,4,1,0,0,3,0,1,0,3,1,2,0,0,0,0,1,0,0,1,0,3,1,0,0
154,TTA,0,0,0,0,1,2,2,0,0,0,0,0,10,6,1,0,0,0,0,3,0,0,0,1,1,0,0,0,8,0,6,9,1,0,0,0,0,3,0,0,0,0,0,0,5,5,0,1,1,1,0,1,19,1,0,0,0,0,2,0,124993,3,35,7
155,AAA,125007,1,6,3,3,9,1,1,3,0,0,0,1,0,1,2,3,7,1,1,0,0,0,0,2,0,1,0,2,5,0,4,4,0,0,0,5,0,2,1,0,0,0,0,3,1,6,1,0,5,0,2,1,2,1,0,0,1,1,3,0,3,3,1
156,AAC,2,125096,2,21,0,0,3,1,0,3,4,1,0,1,0,0,0,3,0,0,0,0,0,0,1,0,1,1,0,1,0,0,2,4,0,0,0,0,0,0,0,0,0,0,0,0,0,0,0,2,0,2,2,1,0,0,0,1,0,0,0,1,1,0
157,TGC,0,0,0,0,0,0,0,0,2,1,0,0,0,0,0,0,0,0,1,1,0,1,0,0,0,5,0,0,0,1,1,0,3,0,0,0,2,0,0,0,0,1,2,0,1,0,0,0,1,62,0,0,1,0,0,0,4,124832,0,26,0,1,0,0
158,TCT,0,0,0,0,3,7,5,3,0,1,0,2,0,0,0,1,0,0,0,0,0,0,0,2,1,0,0,0,0,0,0,0,0,0,0,0,0,0,0,0,0,0,0,0,0,0,0,0,0,0,0,2,8,7,7,124567,0,0,0,0,0,0,0,8
159,TTC,0,0,0,0,0,0,0,0,3,0,0,0,1,2,4,0,0,0,0,0,0,0,1,0,1,0,0,0,0,9,1,0,0,0,0,0,0,0,0,0,0,0,0,0,2,0,0,0,0,7,0,3,0,7,0,0,0,0,2,0,7,125002,1,17
160,AAT,6,27,2,125088,2,2,1,7,0,1,0,2,1,3,2,6,1,1,1,2,0,0,0,4,1,3,0,0,4,7,3,5,5,0,1,32,1,0,0,0,3,0,0,1,4,2,1,1,2,2,0,10,2,3,0,0,0,0,4,1,2,1,2,0
161,ATG,0,1,3,0,6,8,11,5,0,3,0,1,32,7,124881,26,0,0,1,0,1,0,0,0,0,0,0,0,8,5,6,3,1,0,2,0,1,4,3,0,0,0,1,0,4,4,39,3,0,0,0,0,6,5,2,3,0,0,0,2,6,0,5,0
162,ACC,1,5,0,0,18,124715,3,19,3,4,0,1,0,24,0,0,0,0,0,1,4,1,0,0,0,3,0,0,0,0,0,0,0,0,3,1,0,21,0,0,0,1,0,0,0,0,0,0,0,0,0,0,0,0,0,1,0,1,0,0,0,2,0,0
163,ACA,2,0,2,1,124510,21,144,15,1,2,0,7,14,0,0,0,0,0,0,0,1,0,0,0,0,0,1,0,0,0,2,1,0,1,0,0,5,0,1,1,0,0,1,1,0,0,0,0,0,1,0,0,6,2,1,4,0,2,0,2,0,0,0,0
164,GAG,1,0,10,0,0,0,0,0,0,1,1,1,2,2,2,0,0,0,1,1,0,0,2,0,0,0,0,0,0,0,1,0,64,3,124214,5,0,2,1,0,0,0,3,1,1,0,3,2,0,2,6,1,1,0,1,0,0,0,4,1,0,2,0,0
165,CTA,0,0,1,0,0,0,0,0,0,0,0,0,10,0,0,3,1,0,0,1,4,1,0,0,2,0,2,0,124805,1,13,2,0,0,0,0,0,0,0,0,0,0,0,0,1,0,1,1,2,0,0,0,0,0,0,0,0,0,0,0,18,1,1,1
166,AGG,0,1,25,1,5,6,4,2,22,5,124648,10,6,5,57,5,3,5,8,3,0,0,1,0,2,0,14,2,1,2,1,6,0,2,0,0,2,5,1,0,0,0,31,0,3,2,3,2,0,5,0,5,3,1,3,1,1,2,6,0,5,4,0,4
167,GAT,0,1,0,21,0,1,0,0,0,0,0,0,0,1,0,0,0,0,0,0,0,0,0,0,0,0,0,0,0,0,2,0,5,11,1,124801,0,0,1,0,0,2,0,1,0,0,0,0,0,0,1,0,0,0,0,0,0,0,0,0,0,0,1,1
168,AAG,32,1,125002,0,0,0,4,1,2,1,70,2,4,2,6,4,2,3,2,1,0,1,0,0,10,1,2,3,1,1,1,1,0,0,41,0,0,0,0,0,0,0,0,0,3,4,4,2,0,0,2,0,0,1,0,0,0,3,3,0,0,0,0,0
169,AAA,124424,4,11,9,12,12,3,9,8,0,4,6,8,9,8,10,4,8,5,5,1,2,0,0,0,2,3,2,9,5,2,7,7,9,2,5,2,2,0,0,0,0,0,0,2,7,3,1,0,10,0,7,0,1,3,0,1,3,2,1,6,11,1,4
170,CAG,0,0,7,1,0,1,0,1,4,0,0,0,2,0,2,1,26,0,124668,6,0,0,0,0,2,0,18,1,0,2,3,0,4,0,0,0,0,2,1,0,0,0,1,0,0,0,0,1,1,0,10,0,1,0,1,0,0,1,0,2,2,0,0,0
171,AAG,37,6,123969,14,3,6,5,6,3,1,6,0,3,0,11,8,1,7,3,1,2,0,1,0,2,0,5,2,1,2,4,7,3,2,16,1,0,1,3,0,0,0,0,1,0,1,3,5,0,6,0,8,1,1,1,1,0,0,1,4,2,1,2,1
172,GTT,0,1,0,0,4,0,0,4,0,1,1,1,2,0,0,22,1,0,0,0,0,0,1,0,0,0,0,0,0,0,1,2,2,0,0,2,1,1,3,4,1,1,2,5,13,8,0,124185,1,0,0,4,1,0,1,0,0,1,0,3,0,0,2,10
173,TAT,0,2,0,5,0,2,1,1,2,0,1,1,0,2,4,0,5,2,0,8,0,0,0,0,2,5,0,2,0,0,1,0,0,0,0,1,0,1,2,0,1,0,1,1,0,0,2,1,0,6,1,124681,2,0,0,4,2,0,4,0,1,3,0,5
174,TCA,0,0,0,1,0,0,2,0,0,1,0,1,0,0,0,0,0,0,0,0,9,0,0,0,0,0,0,1,0,0,0,2,0,0,0,0,7,4,0,2,1,0,0,0,2,0,1,0,1,0,0,0,124467,3,6,1,1,0,0,0,9,0,0,0
175,CTT,0,0,0,0,0,2,2,0,0,0,0,0,0,1,2,15,0,0,0,0,0,0,0,181,0,0,0,2,13,5,6,124932,0,0,0,0,0,0,0,0,0,0,0,0,0,1,1,3,0,0,0,0,0,0,0,0,1,0,0,0,0,0,4,26
176,TTT,0,0,0,1,0,0,0,0,0,0,0,0,0,0,0,4,0,0,0,0,0,0,0,0,0,0,0,0,0,1,0,8,0,0,0,0,0,0,0,0,0,0,0,0,0,0,0,0,3,0,0,5,0,0,0,11,0,0,0,1,0,8,3,124980
177,TAT,1,6,0,0,0,0,0,0,0,1,1,0,0,0,0,0,1,0,0,12,0,0,0,0,0,1,1,1,2,0,0,0,0,0,0,0,0,0,0,0,0,1,0,0,0,0,0,2,1,6,1,124918,0,0,0,0,0,0,1,7,0,0,0,8
178,AGA,34,6,6,1,8,3,1,0,124645,14,6,3,10,2,0,0,0,0,2,2,0,0,0,1,1,5,1,5,0,1,2,1,0,2,2,0,5,3,2,0,45,1,0,0,2,2,0,2,0,0,0,1,1,4,3,4,1,1,0,0,0,2,2,1
179,CTA,0,0,0,0,0,0,1,2,0,0,0,1,8,0,0,1,4,0,2,0,12,0,2,0,0,0,0,1,124902,4,17,9,0,0,1,1,0,0,0,1,2,0,0,0,4,0,0,0,0,2,0,1,2,0,1,1,0,0,1,0,18,1,3,2
180,GAT,0,0,0,18,0,0,1,0,0,0,0,0,0,0,0,1,0,0,0,0,0,0,1,0,0,0,0,0,0,0,0,0,4,5,1,124228,0,0,0,0,0,0,0,3,0,0,0,1,0,0,0,3,0,0,0,0,0,0,0,0,0,0,0,0
181,GTA,0,0,1,0,0,2,0,0,0,0,0,0,55,2,0,0,1,0,0,0,0,0,0,0,0,1,0,0,8,5,0,2,3,0,0,0,5,0,0,0,0,0,0,0,124639,3,39,3,0,0,0,0,0,0,0,0,0,0,0,0,30,0,1,0
182,GTA,0,0,0,0,1,0,0,0,0,0,0,1,52,0,0,1,0,0,0,0,0,0,0,0,2,0,0,2,4,1,0,1,0,0,0,0,11,0,2,0,1,1,1,0,124744,3,25,5,0,2,0,0,0,0,1,0,0,0,1,0,10,0,0,0
183,CAA,30,0,1,0,0,1,2,0,3,0,1,2,1,2,1,0,124972,6,9,3,3,3,4,0,11,0,2,1,7,1,1,1,3,0,0,0,0,0,1,1,0,1,0,1,0,0,1,1,15,1,0,1,2,1,0,1,0,0,0,0,4,2,1,0
184,ATT,3,1,1,2,4,0,0,3,0,1,1,0,7,6,2,124716,3,0,1,2,0,0,0,0,0,0,0,0,3,2,1,3,0,0,0,0,0,0,0,1,0,0,1,0,0,1,0,1,0,1,0,0,0,0,0,1,0,0,0,0,6,0,1,3
184a,AAC,22,124462,14,79,4,2,3,1,0,10,3,2,1,2,2,2,2,2,2,0,3,1,0,0,0,3,0,0,3,0,1,0,2,1,0,1,1,1,1,4,5,0,0,0,1,2,3,1,0,2,0,2,2,2,0,0,0,2,0,2,0,2,0,1
184b,GAG,2,8,35,0,7,4,6,1,3,4,4,1,2,0,0,0,3,2,2,0,4,4,3,2,0,2,8,1,0,4,0,2,45,5,124319,19,1,3,2,3,0,1,17,5,2,1,2,3,0,3,5,0,0,3,2,1,0,0,0,2,2,8,5,3
184c,AAT,5,5,2,124544,0,0,0,5,0,0,3,6,2,2,0,0,0,3,0,0,2,1,1,2,4,2,0,2,2,0,0,0,0,2,0,3,4,1,0,0,1,0,0,4,1,0,1,1,1,0,2,0,2,0,1,0,0,0,1,4,2,2,3,0
184d,CAA,16,7,4,2,2,3,0,3,5,3,0,2,0,3,4,1,125080,6,44,16,6,0,1,0,50,3,0,2,7,1,0,0,3,1,1,0,2,4,2,2,4,1,2,3,3,2,3,8,17,1,0,0,0,0,2,1,0,0,1,0,1,1,4,0
184e,GGT,1,1,2,0,2,2,2,0,6,1,4,37,2,1,1,0,0,2,1,0,0,0,1,1,1,0,0,11,1,0,2,5,3,1,1,59,2,1,3,5,6,15,2,125090,2,0,2,9,0,0,0,1,0,0,0,1,0,0,0,48,0,5,3,5
184f,AAT,12,6,0,124244,3,1,1,3,1,2,3,7,2,3,4,1,3,2,3,1,3,6,2,0,1,1,2,0,0,0,0,6,0,1,1,7,1,2,1,0,1,7,3,7,3,3,2,5,6,4,1,3,0,0,1,2,0,0,1,1,1,3,1,4
184g,AGG,1,0,19,8,0,4,1,1,29,3,123797,8,2,0,10,1,2,1,5,0,4,1,2,0,4,0,3,4,1,0,3,2,0,1,2,1,3,3,2,2,2,0,68,0,1,2,3,2,0,0,2,0,1,2,3,1,2,1,3,4,1,1,2,3
184h,AGT,6,6,3,81,2,1,0,6,28,14,15,124266,1,4,2,14,0,2,3,2,1,3,0,0,2,2,1,2,2,0,0,0,3,1,1,2,1,2,1,2,0,1,2,14,4,0,1,2,0,1,0,0,0,3,0,0,1,1,0,3,1,0,4,1
185,AAT,21,6,2,124666,3,2,0,0,0,2,2,4,3,4,2,5,2,3,2,2,0,4,1,5,0,2,3,2,1,0,8,2,0,1,0,10,1,8,1,3,4,4,2,1,2,1,0,2,1,2,0,2,2,4,2,0,0,0,4,0,2,2,2,1
186,AAT,30,6,8,124374,0,2,0,1,5,3,0,4,8,0,2,3,5,3,0,1,5,5,1,5,0,3,1,0,1,0,1,2,1,2,0,36,2,1,0,0,1,0,4,0,0,3,4,1,0,1,1,0,2,1,0,0,0,0,3,0,0,1,0,0
187,AGT,4,0,0,66,4,0,1,3,4,6,3,124451,2,2,2,11,1,0,1,4,1,0,2,1,1,2,3,2,1,9,1,1,1,1,0,0,0,4,0,0,0,1,4,66,4,0,3,0,1,1,0,2,2,0,2,1,0,1,0,6,1,2,0,2
188,AAC,14,124851,3,22,0,1,2,0,1,13,0,1,1,3,0,3,1,0,0,0,0,2,1,3,0,2,0,0,1,4,1,0,0,5,0,0,0,3,0,0,2,1,2,3,1,7,0,5,0,4,0,1,1,2,0,2,0,2,1,1,0,1,0,0
189,AAG,32,2,124287,24,1,1,1,0,3,0,23,1,0,2,5,0,0,0,2,0,1,2,2,0,1,1,0,0,0,3,0,0,0,0,32,0,1,4,0,0,0,1,2,0,1,0,0,0,0,0,1,0,2,2,0,2,1,0,3,0,2,0,3,3
190,GAG,3,0,17,3,1,0,1,1,0,0,1,0,0,1,2,2,2,0,1,0,0,4,3,2,1,0,0,0,2,0,3,1,62,0,124406,11,0,0,0,0,1,0,6,0,0,1,0,0,0,2,2,1,0,0,0,0,0,0,0,0,1,0,1,1
191,TAT,0,0,0,1,0,1,0,0,0,0,0,1,0,0,1,0,0,4,0,9,0,0,0,0,0,0,0,0,2,0,0,0,0,0,0,0,2,2,2,0,0,0,0,0,0,2,0,1,4,7,2,124942,1,1,4,0,2,0,4,6,2,2,0,3
192,AGA,13,1,1,3,8,1,0,2,124337,1,7,2,5,5,0,0,6,1,4,1,0,1,0,0,5,2,3,5,2,0,0,0,0,0,0,0,4,1,4,0,15,0,0,0,0,0,0,1,0,0,0,0,1,1,2,0,1,0,0,0,0,3,0,2
193,TTA,1,0,0,0,2,0,1,0,1,0,0,0,5,0,0,0,0,1,0,0,1,1,0,0,0,1,0,0,17,1,0,4,0,0,0,0,1,0,0,0,0,0,0,0,1,1,0,0,2,0,0,1,4,0,0,0,0,0,0,0,124589,3,10,2
194,ATA,3,1,6,4,5,0,3,1,0,2,0,2,124495,2,7,4,5,0,1,1,0,0,1,0,1,0,0,0,3,2,0,0,0,9,0,1,0,1,1,0,2,0,1,0,3,0,7,0,0,2,0,0,4,2,0,2,0,1,0,0,1,0,0,0
195,AAT,5,5,0,122266,1,3,0,1,0,4,0,11,1,0,0,7,3,4,1,10,1,0,0,0,0,0,0,2,0,0,0,0,2,2,0,8,0,1,0,0,0,0,0,1,0,1,0,0,0,0,0,2,3,8,0,5,0,1,0,0,0,3,0,0
196,TGT,0,0,0,0,0,0,1,0,0,0,1,2,0,1,0,0,0,0,0,0,0,0,0,0,0,0,0,1,0,0,0,0,0,0,0,0,0,0,0,0,0,0,1,1,0,0,0,0,0,0,0,15,0,0,0,2,1,48,0,124393,0,0,0,0
197,AAT,3,21,1,124841,1,9,1,3,0,1,1,7,0,0,0,0,0,1,1,2,2,1,0,1,0,0,0,2,2,1,1,3,2,1,1,31,2,0,0,0,1,2,0,5,0,0,0,0,0,0,0,0,0,6,1,2,0,0,0,0,1,0,1,0
198,ACC,0,6,1,1,25,123824,2,11,3,2,1,0,0,14,1,0,2,2,0,1,0,0,0,0,0,0,1,1,0,0,0,0,0,0,0,1,1,10,3,1,0,0,1,0,0,0,1,0,0,1,0,2,0,2,2,1,4,0,0,0,0,1,0,0
199,TCA,0,1,0,1,6,2,0,2,1,0,0,4,1,0,3,0,1,1,0,1,35,0,0,0,0,0,0,0,0,0,0,0,0,0,0,0,0,0,1,1,0,0,2,4,0,0,0,0,1,0,0,0,123885,1,45,4,0,0,1,0,3,0,0,0
200,GCC,0,0,2,0,1,60,0,0,2,2,0,0,1,6,1,3,0,0,1,2,0,5,0,1,0,1,0,0,0,0,0,0,0,5,2,0,14,123505,1,14,1,2,0,0,1,50,2,2,0,0,0,0,1,11,1,0,0,2,0,0,0,0,0,0
201,ATT,0,1,0,3,2,0,2,12,0,2,0,1,7,34,4,124136,0,0,0,0,1,2,0,2,0,0,0,0,0,0,0,3,0,0,0,0,0,5,2,0,0,1,0,1,0,1,0,1,0,0,0,0,0,0,0,0,0,0,0,0,1,0,0,0
202,ACA,8,0,2,0,124425,4,7,6,1,2,0,0,31,4,1,2,1,1,1,1,1,0,1,0,1,3,1,1,3,0,1,0,0,1,0,0,7,1,1,0,0,0,0,0,3,2,2,2,0,0,0,0,1,1,1,1,0,4,0,0,1,0,0,1
203,CAG,0,0,4,1,0,2,2,0,2,2,2,1,0,0,0,0,29,3,124578,10,0,1,8,0,0,0,72,0,1,0,4,0,0,0,2,0,2,2,0,0,1,0,0,0,0,0,0,0,0,0,14,1,1,5,0,3,0,0,0,0,0,1,0,0
204,GCT,3,1,0,1,1,1,2,45,2,1,0,0,7,4,3,5,3,0,0,2,2,1,1,2,1,1,0,2,6,1,1,1,0,0,0,8,4,22,2,124425,0,0,3,0,0,0,1,14,0,4,0,1,5,2,1,7,0,3,3,0,2,0,2,0
205,TGT,0,1,0,0,0,0,0,0,0,1,0,0,0,0,0,0,0,1,0,0,1,0,0,0,0,0,0,13,0,0,0,0,1,0,0,0,0,1,0,1,1,1,0,2,0,0,0,0,0,0,0,15,0,1,2,4,2,58,0,124500,0,0,0,1
206,CCA,0,2,1,1,11,4,0,4,1,1,1,1,5,3,0,1,3,4,1,0,124627,8,12,8,0,1,1,0,19,3,3,4,1,4,2,2,2,1,3,3,0,0,0,0,1,0,0,0,0,1,0,1,5,6,1,1,0,0,2,1,1,0,0,0
207,AAG,44,1,124604,13,3,3,7,4,6,2,34,2,7,13,10,5,6,6,5,15,3,4,1,0,6,6,6,3,6,12,2,8,0,0,3,0,11,11,11,6,0,1,4,0,4,7,3,5,3,5,1,3,7,4,4,3,0,0,0,0,7,1,6,0
208,GTA,0,1,1,2,4,7,0,2,2,2,1,2,73,4,3,3,0,1,0,2,0,0,1,0,2,1,1,4,9,5,2,4,0,1,0,0,27,1,0,1,1,1,2,2,124853,1,12,3,0,3,1,5,0,1,0,7,1,1,1,1,30,4,3,0
209,TCC,3,1,0,1,1,4,3,4,0,1,0,1,0,1,1,3,1,1,2,4,0,2,0,0,0,1,0,0,2,0,1,2,3,1,2,3,0,1,0,1,1,1,1,0,3,4,2,0,0,12,1,0,29,123769,2,16,0,0,1,0,0,8,0,0
210,TTT,0,6,1,8,6,0,2,2,0,0,0,7,1,6,0,14,4,2,2,0,0,3,1,0,1,0,0,0,3,3,2,78,0,0,0,0,0,4,0,3,1,0,0,1,0,6,4,13,0,9,0,11,6,6,0,10,0,3,1,0,8,8,1,124430
211,GAG,3,0,18,0,2,4,2,1,0,2,2,1,1,3,1,0,7,3,5,1,0,0,0,0,0,4,0,0,1,2,2,2,34,4,124003,5,1,3,0,2,0,0,37,0,0,1,3,1,0,1,1,1,1,0,2,0,0,1,3,0,2,0,2,1
212,CCA,1,0,0,1,5,1,4,0,0,6,0,0,2,4,2,0,8,0,0,0,124291,4,9,5,0,0,0,0,17,3,0,1,1,2,0,1,2,1,7,1,0,2,0,0,0,1,0,1,0,2,0,1,157,3,3,1,0,0,0,0,1,1,0,0
213,ATT,4,3,0,10,1,2,0,7,1,0,0,1,2,16,3,124303,0,1,3,4,4,3,1,1,1,0,0,1,6,2,1,8,0,1,0,0,0,1,0,1,3,0,1,0,2,0,0,3,0,1,0,0,0,2,2,1,0,0,2,1,4,6,3,5
214,CCC,1,0,2,1,4,5,0,0,0,0,0,2,1,3,0,2,4,12,4,3,14,124684,4,13,1,4,0,2,2,24,0,2,2,2,3,2,4,14,2,1,3,2,0,0,0,1,0,0,0,3,1,1,5,18,4,1,1,3,0,0,0,0,0,1
215,ATA,3,0,2,0,18,1,1,1,2,0,0,0,123636,6,20,13,1,1,0,2,0,0,0,1,1,1,2,0,1,4,0,5,1,0,0,0,0,0,1,0,0,0,0,2,12,8,8,4,0,7,0,1,0,0,0,1,1,0,0,0,7,4,4,3
216,CAT,11,4,7,26,2,11,4,2,4,2,3,5,5,1,5,5,16,18,3,124055,0,0,0,0,5,2,0,16,3,5,3,7,4,0,2,1,3,3,2,1,1,0,0,1,4,4,0,5,2,3,0,36,2,2,4,9,0,0,1,1,4,4,2,0
217,TAT,0,0,0,2,0,0,1,0,0,0,0,0,2,0,7,4,0,1,2,3,0,0,0,0,1,0,0,0,0,9,2,5,0,0,0,4,1,0,1,0,0,0,0,1,2,2,2,0,4,9,1,123470,0,1,0,0,0,0,3,4,4,3,10,9
218,TGT,0,0,0,0,0,0,0,0,0,0,0,3,0,0,0,0,0,0,0,0,0,3,0,0,0,0,0,5,0,2,0,0,0,0,0,0,0,0,0,0,0,0,0,0,0,0,0,0,0,0,2,28,0,0,2,2,2,4,2,123901,0,0,0,4
219,GCC,0,1,0,1,3,103,2,1,0,0,0,1,1,1,0,2,0,0,0,2,1,8,1,0,0,0,1,0,0,0,0,0,1,1,0,0,17,123694,8,19,0,2,1,0,2,70,1,6,0,0,0,0,1,18,3,4,0,0,0,2,0,0,0,0
220,CCA,0,0,0,0,7,1,1,2,0,1,0,0,0,1,0,1,2,0,0,3,124588,12,20,8,1,0,0,0,18,0,0,2,0,0,0,0,1,2,5,1,1,0,0,0,0,0,1,0,0,0,1,0,7,2,1,0,0,0,0,0,1,0,0,0
221,GCT,2,6,0,10,5,3,4,103,0,2,2,4,6,0,4,3,3,12,1,4,6,12,3,10,5,3,3,3,2,4,1,5,0,0,0,27,5,34,5,124418,3,1,4,10,3,7,7,35,0,1,0,1,5,8,3,13,0,2,0,6,1,0,0,0
222,GGT,1,1,2,4,1,2,4,0,0,1,0,21,0,0,1,0,0,2,1,1,1,1,3,1,0,0,0,0,0,0,0,0,1,0,1,18,0,2,3,1,6,12,8,123697,0,0,0,2,1,1,1,2,3,2,3,3,0,0,0,3,0,0,0,1
223,TTT,1,2,0,1,1,0,4,6,0,0,0,5,2,1,3,1,0,0,0,2,0,0,3,0,0,0,1,0,0,1,2,13,4,0,0,0,0,3,1,0,1,0,0,0,0,2,1,3,0,5,1,12,0,1,2,3,2,1,21,1,6,50,6,270382
224,GCG,1,0,1,2,11,2,58,9,1,11,2,5,5,7,2,3,3,1,3,1,0,0,0,1,1,3,2,1,0,0,1,0,0,0,2,0,62,11,145290,18,11,7,10,3,11,6,343,13,0,0,0,0,5,9,18,6,0,1,0,5,2,0,2,0
225,ATC,0,3,0,0,0,11,0,0,0,0,0,0,18,145884,4,8,0,0,0,0,0,0,0,0,0,0,0,0,4,11,5,1,0,2,0,0,0,0,0,0,0,0,0,0,1,8,3,4,0,1,1,1,0,0,0,0,0,0,0,0,4,1,4,1
226,CTA,0,0,3,0,0,0,0,0,0,0,0,0,32,3,1,2,2,0,0,1,14,0,0,0,2,0,0,0,146210,14,20,4,0,0,0,1,0,0,1,0,0,0,0,0,3,1,2,3,0,0,0,2,0,0,0,0,0,0,0,1,17,2,1,6
227,AAG,40,9,145907,14,7,3,4,0,2,3,38,2,7,4,9,2,9,9,3,4,0,0,0,0,1,2,3,0,1,1,1,0,2,0,3,0,1,2,0,3,0,0,0,0,6,3,3,3,0,3,3,0,2,2,1,3,0,0,4,2,3,3,12,1
228,TGT,0,0,0,0,0,0,0,0,0,0,0,4,0,0,0,0,0,0,2,0,0,0,0,0,1,0,0,7,2,1,0,1,1,0,0,2,0,0,0,0,0,0,0,0,0,1,0,0,0,0,0,35,0,0,0,0,3,9,1,146251,0,0,1,0
229,AAG,54,5,145642,31,5,3,31,3,1,4,114,3,5,3,29,6,3,8,2,2,0,0,0,0,1,2,5,0,0,2,3,4,3,1,61,6,1,0,8,0,4,0,5,5,2,10,7,1,0,6,2,5,6,3,3,0,0,3,4,0,1,0,3,6
230,GAT,5,7,7,22,5,9,2,4,0,4,0,2,4,4,2,4,6,6,1,14,0,0,0,0,2,1,0,2,0,3,0,1,12,6,5,145113,2,0,2,6,5,2,3,4,5,3,5,1,1,8,0,25,2,4,5,6,0,2,3,0,1,4,5,5
231,AAG,28,5,146061,10,2,0,8,2,1,0,64,0,2,1,4,0,4,2,0,2,3,1,1,5,3,3,0,2,3,1,0,1,3,3,26,0,0,0,1,0,1,2,1,0,3,1,1,0,0,1,0,0,0,0,1,0,0,4,0,1,0,1,2,1
232,AAG,50,4,145967,8,3,5,5,0,4,1,7,5,4,2,2,1,1,5,6,2,1,2,0,0,2,5,1,1,1,7,4,3,2,0,5,4,0,2,6,1,3,0,1,1,5,1,2,0,0,4,2,1,2,3,2,4,1,3,5,1,3,0,5,2
233,TTC,0,2,0,1,2,0,0,0,0,0,0,0,0,4,1,0,0,3,0,2,0,0,1,0,0,0,0,0,0,11,0,0,0,0,0,0,0,0,0,1,0,1,0,0,0,0,0,0,0,13,0,3,0,6,0,0,0,0,0,0,1,145972,0,18
234,AAT,11,9,6,145974,3,1,2,3,1,2,1,68,2,4,1,9,4,3,2,2,1,3,2,3,3,3,1,0,3,3,2,0,1,2,4,32,3,1,3,1,3,0,5,3,0,2,1,3,0,3,0,20,9,6,1,3,0,0,0,1,5,0,3,5
235,GGA,0,0,0,0,0,0,0,0,11,0,0,0,0,0,0,0,0,0,0,0,0,0,0,0,1,0,0,0,0,0,0,0,26,0,0,0,1,1,0,0,146237,1,13,6,1,0,0,0,0,0,0,0,0,2,2,0,2,0,0,0,0,0,0,0
236,ACA,13,4,1,1,145932,20,147,9,2,0,1,0,57,0,4,1,5,4,6,2,1,0,0,0,1,3,0,1,2,2,0,0,0,4,0,0,14,2,2,1,0,0,1,0,0,3,0,1,0,1,0,0,1,2,2,0,0,1,1,4,0,0,1,0
237,GGG,0,1,1,0,0,0,0,0,0,0,26,0,0,0,1,0,1,0,1,0,0,0,0,0,0,0,0,0,0,0,0,0,0,2,16,0,0,2,8,1,136,6,145735,12,0,0,2,0,0,0,0,0,0,1,1,0,0,0,20,0,0,0,0,0
238,CCA,7,2,2,4,16,1,2,7,0,0,0,1,8,6,0,0,21,2,0,7,146002,5,37,6,3,2,0,3,25,0,0,0,6,0,3,5,0,1,5,0,3,4,0,2,3,0,1,1,0,3,0,0,88,2,3,2,0,0,0,4,3,3,1,1
239,TGC,0,0,0,0,0,0,0,0,1,5,1,0,0,0,0,0,0,1,0,0,0,0,0,0,0,13,0,0,1,0,0,0,0,0,0,0,0,0,0,0,0,2,0,0,0,0,0,0,0,58,0,0,0,4,0,0,1,146035,0,86,2,3,0,0
240,CCA,4,8,7,9,26,11,2,3,0,6,1,4,10,1,2,2,26,9,5,3,145952,19,20,4,11,6,2,2,10,1,6,9,0,2,2,5,6,8,4,3,5,1,4,0,2,2,2,1,0,6,0,8,27,4,5,9,0,6,0,2,5,3,3,2
241,AGT,7,1,3,46,1,8,4,7,10,11,10,146064,4,5,6,14,4,3,2,8,1,0,0,0,0,0,0,13,4,4,2,2,2,5,1,1,4,3,1,3,3,0,1,13,6,2,3,4,0,0,0,6,4,4,0,9,0,0,10,9,8,4,0,4
242,GTC,0,0,0,0,1,2,2,0,0,0,1,0,0,70,2,3,0,0,0,0,0,0,1,0,0,0,0,0,4,4,2,3,0,0,0,0,0,14,0,0,0,0,0,0,22,145731,10,74,0,0,0,0,0,0,1,0,1,1,0,0,3,1,4,2
243,AGC,1,79,3,3,9,5,1,2,0,145831,0,93,1,6,2,2,0,4,2,2,0,0,0,1,0,0,1,1,0,0,0,0,0,2,4,2,1,2,2,2,2,91,2,1,5,6,6,0,0,2,0,1,8,2,1,1,0,4,0,0,0,8,2,0
244,ACA,3,2,0,0,145982,5,55,6,6,2,0,1,19,0,2,3,5,1,0,0,0,0,1,1,1,0,0,0,2,1,2,0,2,0,1,0,17,2,7,7,0,2,5,2,7,3,2,3,0,4,0,1,3,2,4,1,0,1,2,3,1,0,0,0
245,GTA,0,5,0,3,4,2,7,3,2,0,0,1,93,3,2,6,0,0,1,2,0,2,0,1,1,0,0,0,5,0,0,2,4,0,1,0,31,0,0,2,1,0,0,1,145866,0,33,2,0,0,0,0,0,2,3,1,0,2,0,0,11,0,2,0
246,CAA,18,3,0,5,4,3,0,5,4,0,3,0,4,0,3,2,145917,5,52,5,3,1,0,0,16,1,1,2,4,1,0,3,5,0,3,0,2,1,0,3,5,0,3,0,2,0,4,2,18,0,0,1,9,0,1,2,0,0,0,0,0,0,2,0
247,TGC,3,0,0,0,0,0,0,0,0,10,0,0,0,0,0,0,0,2,0,0,0,0,0,0,0,2,0,0,0,0,0,0,1,0,1,0,0,1,0,0,2,0,0,0,0,0,0,0,0,96,1,0,0,1,0,0,3,145827,2,88,0,3,0,0
248,ACA,4,1,1,0,146159,11,16,13,0,1,0,2,32,1,0,4,2,0,0,1,3,0,1,0,0,0,1,1,0,1,0,0,0,1,0,0,1,1,1,1,0,0,0,0,3,1,0,1,0,0,0,1,5,3,0,1,0,0,0,0,0,0,0,1
249,CAT,2,3,0,6,0,1,2,2,0,2,2,1,0,0,0,0,11,40,2,146040,1,0,0,1,2,0,2,9,0,2,0,2,1,3,10,7,0,3,2,5,2,2,3,2,1,0,3,0,0,0,0,36,5,4,3,2,0,0,0,0,0,0,0,0
250,GGA,7,1,3,1,2,0,0,0,33,6,0,1,0,1,1,0,3,3,3,0,2,3,3,2,2,0,0,2,1,0,1,0,23,1,2,1,1,4,4,2,146074,5,12,9,3,2,0,0,0,2,0,0,1,2,0,4,14,0,0,0,2,2,0,0
251,ATC,0,0,0,0,0,3,0,0,0,0,0,0,22,145876,3,23,0,0,0,0,0,0,0,0,1,0,0,0,4,6,1,1,0,0,0,0,0,0,0,0,0,0,0,0,1,8,3,5,0,0,0,0,0,1,0,0,0,0,3,0,6,5,2,4
252,AAG,61,3,145829,15,0,0,3,1,4,1,37,2,0,1,13,1,1,7,7,0,9,1,4,1,8,4,5,2,4,7,0,2,0,3,41,2,2,1,1,1,3,3,5,1,0,1,1,3,0,2,2,4,1,5,4,0,0,0,3,0,5,4,6,1
253,CCA,0,1,0,1,24,1,3,1,1,1,0,5,0,0,4,5,4,4,1,2,145783,13,18,4,0,0,0,0,14,4,0,0,0,1,0,1,2,3,4,0,0,0,1,3,2,1,0,4,0,0,0,1,60,4,1,2,0,0,0,1,0,0,0,0
254,GTA,0,0,0,0,5,7,2,4,0,0,0,3,57,3,5,6,6,12,4,13,0,1,0,0,1,0,2,0,11,12,7,3,7,0,2,0,15,2,3,3,3,1,1,4,145949,1,32,4,0,1,0,6,2,4,3,4,0,5,5,2,27,3,2,2
255,GTA,0,1,0,0,11,1,6,2,0,2,0,0,96,2,1,7,0,0,0,1,7,4,1,5,1,1,1,0,8,1,0,1,0,0,0,0,13,8,1,3,2,4,4,0,145972,2,13,3,0,5,0,6,1,1,1,1,0,3,1,2,4,3,0,5
256,TCA,0,0,2,0,7,6,3,3,0,9,0,2,0,0,0,0,0,0,0,0,4,0,0,0,0,0,0,0,0,0,0,0,0,0,0,0,0,1,2,1,0,3,0,1,2,0,1,0,3,0,0,0,145974,8,12,3,0,1,0,1,4,0,0,0
257,ACT,0,2,0,0,5,30,3,146261,0,8,0,4,0,0,0,13,0,0,0,0,1,0,0,0,0,0,0,0,0,0,0,0,0,0,0,0,0,1,1,2,0,0,0,0,0,0,1,1,0,0,0,0,1,5,3,3,0,0,0,0,0,0,1,0
258,CAA,1,0,0,0,0,0,0,2,0,0,0,0,0,0,0,0,146063,11,13,11,0,0,0,0,7,0,0,0,0,0,0,1,1,0,2,1,1,3,1,5,5,0,3,0,2,0,1,0,13,0,0,0,0,0,0,0,2,0,0,0,0,0,0,0
259,CTG,0,0,1,0,0,0,0,0,0,0,0,0,1,3,13,1,0,0,2,1,0,0,6,0,0,0,1,0,97,6,145879,33,0,0,1,0,0,0,0,0,1,0,0,0,2,0,1,0,1,0,1,2,0,0,1,0,0,0,0,0,6,6,24,1
260,CTG,0,0,0,1,1,1,1,1,0,0,0,0,1,0,16,7,1,0,6,0,0,0,24,0,0,1,2,0,39,9,145916,11,0,0,0,0,0,0,0,0,0,0,0,0,3,4,1,2,1,2,0,1,1,0,0,0,0,0,0,0,3,0,70,7
261,TTA,0,1,0,0,0,0,0,1,0,0,0,0,12,1,1,0,2,0,0,0,0,0,0,0,0,0,1,0,14,2,0,7,1,1,0,0,0,0,0,0,0,0,0,0,11,1,2,0,1,0,1,0,10,2,0,0,0,0,0,0,145892,1,17,1
262,AAT,5,5,1,145913,0,0,0,1,0,0,0,2,0,2,0,10,1,0,0,0,0,0,0,1,0,0,0,0,0,0,0,0,0,0,0,5,0,0,0,0,0,0,0,0,0,0,0,0,0,0,0,0,0,0,1,0,0,0,0,0,0,0,0,0
263,GGC,0,0,1,0,4,0,3,5,0,19,0,1,1,0,1,0,0,0,2,0,0,0,0,0,0,0,0,2,1,0,0,0,0,116,0,0,1,0,0,4,9,145632,3,193,0,5,0,3,0,0,0,1,2,6,1,4,0,7,1,1,2,0,1,0
264,AGT,0,0,0,36,0,4,0,9,0,18,0,146000,2,0,3,14,0,0,1,2,0,0,1,0,0,0,0,0,1,3,1,2,0,0,0,0,1,4,2,0,0,0,3,13,0,0,0,1,0,1,0,0,0,1,1,5,0,2,0,5,0,0,0,0
265,CTA,0,0,0,3,4,3,0,4,2,0,0,0,20,1,9,3,4,0,0,0,6,0,0,1,0,2,0,0,145963,8,37,7,0,0,0,0,1,1,0,0,0,0,0,0,6,0,1,9,4,1,0,1,1,1,0,0,0,0,1,0,29,2,3,2
266,GCA,0,1,0,1,66,4,3,1,0,2,0,4,3,0,1,3,9,3,1,2,0,1,0,0,0,0,2,2,0,2,3,0,18,0,1,1,145757,8,24,3,3,1,5,5,73,2,3,6,0,0,1,0,5,3,0,1,0,0,0,1,2,0,0,0
267,GAA,35,5,3,1,4,0,3,2,1,0,4,4,4,2,1,0,2,3,0,2,8,3,0,0,1,0,1,2,3,1,1,4,145924,7,2,2,4,2,2,0,4,0,2,8,0,0,3,0,3,3,0,3,6,5,2,3,0,0,0,1,0,2,2,4
268,GAA,20,5,1,2,4,7,7,9,6,2,2,9,5,2,2,4,8,5,2,6,0,4,1,1,2,2,4,1,0,4,2,4,145915,10,26,3,3,2,3,2,5,2,1,6,2,1,2,4,5,6,0,6,6,5,3,5,0,2,0,0,2,1,6,6
269,GAG,2,2,28,4,3,3,1,1,1,1,2,4,2,0,2,0,4,3,8,3,0,0,0,0,2,2,0,0,0,2,2,3,47,0,145718,21,6,7,3,2,5,3,38,2,2,4,15,1,0,4,3,4,9,6,2,1,0,1,0,2,1,2,2,2
270,GTA,0,0,0,1,5,0,2,0,0,2,0,1,86,3,5,1,0,1,0,0,4,3,3,0,0,0,0,0,5,5,1,1,5,4,2,0,20,0,1,1,0,0,0,1,145884,7,13,4,1,2,0,0,1,2,3,2,2,0,1,1,19,1,8,4
271,ATG,0,4,31,1,2,3,4,3,1,3,2,2,28,6,145980,9,2,2,8,0,0,0,0,0,0,3,1,1,0,1,0,5,1,1,0,0,2,0,0,1,0,1,1,0,0,2,15,6,0,0,0,1,1,2,2,2,0,1,5,1,1,4,2,2
272,ATT,0,0,0,2,0,0,1,6,0,0,0,1,5,8,2,145702,1,0,0,0,0,0,0,0,0,0,0,0,5,4,3,2,0,0,0,0,0,0,1,1,0,0,0,0,2,4,0,7,0,0,0,0,0,0,0,0,0,0,3,0,0,0,1,2
273,AGA,22,0,3,1,5,0,1,0,145593,2,11,1,16,2,1,1,4,4,3,2,1,0,0,0,4,1,0,11,3,1,1,4,1,0,0,1,0,2,0,1,34,0,0,0,2,0,1,2,0,2,1,2,2,1,1,0,1,0,8,0,1,3,6,0
274,TCT,0,0,0,0,4,12,3,4,0,4,0,3,5,3,5,4,0,0,0,1,0,0,1,5,0,0,0,0,1,0,2,0,0,0,0,0,5,4,6,4,2,1,3,7,2,2,6,2,0,6,0,32,17,87,11,145074,0,1,2,6,1,4,0,10
275,GAA,50,1,0,0,0,3,0,4,0,0,1,0,3,6,0,0,2,1,0,0,1,1,3,0,0,2,0,0,1,0,1,2,145831,3,8,2,1,3,3,1,9,0,3,0,2,0,1,4,3,3,0,0,7,1,1,2,1,1,0,0,1,0,1,1
276,AAT,10,12,4,145727,0,1,0,0,0,1,1,5,1,0,0,5,3,1,3,2,0,0,0,0,0,0,0,0,0,1,0,0,1,0,2,10,2,0,1,3,0,1,2,6,0,0,1,0,1,0,0,1,1,0,1,4,0,0,0,2,0,0,0,3
277,ATC,0,1,0,0,1,10,2,0,0,0,2,1,15,145917,3,31,0,1,0,0,2,0,1,0,0,1,0,2,0,5,0,2,0,0,0,0,0,0,2,0,0,0,0,1,0,12,0,2,0,1,0,9,1,0,0,0,0,0,0,0,0,4,0,4
278,ACA,13,1,3,1,145658,3,12,8,2,1,1,0,19,1,2,3,0,0,3,0,1,1,1,1,0,1,1,1,0,1,2,0,0,0,0,1,24,3,2,0,0,0,1,0,0,0,5,2,2,0,0,0,5,2,2,5,0,0,3,2,1,3,1,5
279,AAC,311,145105,4,26,33,0,0,0,2,7,0,4,0,2,0,0,1,1,3,0,0,0,0,0,0,0,0,1,0,1,1,1,0,12,0,2,1,0,0,0,0,0,0,0,0,0,0,3,0,1,0,0,0,1,1,2,0,1,0,0,0,0,0,0
280,AAT,1,14,0,144831,6,1,1,2,0,0,0,6,4,0,31,0,303,0,1,2,4,0,0,0,0,0,0,2,1,0,0,0,1,0,0,9,1,0,0,3,1,1,1,0,0,0,0,0,0,1,0,2,0,2,0,0,0,0,0,1,0,0,1,1
281,GCC,0,1,1,1,3,125,0,0,0,0,0,0,0,0,0,0,0,2,0,0,30,5,0,0,0,0,0,0,2,1,1,1,0,3,0,1,18,144428,7,14,5,3,1,1,1,61,4,1,0,0,0,1,2,10,0,1,0,297,0,0,0,0,3,3
282,AAA,145704,1,8,4,0,0,0,0,9,0,2,0,1,1,0,3,317,0,0,0,0,0,0,0,5,2,0,0,4,3,0,0,5,0,0,0,1,0,0,2,4,1,0,3,2,2,0,3,0,0,0,2,0,0,0,0,0,0,3,0,2,0,4,1
283,AAC,7,145655,0,17,3,6,2,1,1,10,0,9,0,0,0,1,3,1,0,0,0,0,0,0,0,0,0,0,1,0,0,0,2,1,0,0,4,0,3,1,2,1,0,1,1,1,0,0,0,1,0,0,5,2,2,1,0,0,0,0,0,0,0,0
284,ATA,1,1,0,0,7,1,0,2,1,0,0,0,145774,8,39,10,0,0,0,0,0,0,0,1,0,0,0,0,5,1,5,0,0,0,0,2,0,1,0,0,0,1,4,0,3,3,4,2,1,0,0,1,0,0,0,2,0,1,0,0,8,0,5,11
285,CTA,3,3,1,0,0,0,2,0,0,0,0,0,22,5,12,2,7,8,0,5,5,0,1,1,0,0,1,0,145440,4,11,12,0,0,0,0,1,0,1,0,0,0,1,0,8,5,1,9,0,5,0,11,0,0,0,0,0,1,20,0,43,9,10,7
286,GTA,0,1,0,0,0,0,1,0,2,0,0,0,52,7,0,6,0,0,0,0,0,0,0,0,0,0,0,0,3,2,2,0,0,0,0,1,8,1,0,1,1,1,3,0,145337,5,28,2,0,0,1,1,1,0,0,0,0,1,0,0,5,0,1,0
287,CAA,5,1,3,2,2,6,2,2,0,3,3,2,3,0,4,2,145271,2,6,3,1,0,0,0,5,0,1,0,6,8,3,2,1,1,1,1,0,3,0,1,0,0,0,0,0,3,1,2,19,0,0,0,0,3,2,0,0,0,1,1,1,1,3,1
288,TTT,0,0,0,1,0,0,0,0,0,0,0,0,0,0,0,0,0,0,0,1,0,0,0,0,0,0,0,0,1,3,1,5,0,0,0,0,0,1,1,0,0,0,0,0,0,0,0,0,0,0,0,1,0,0,0,4,0,0,0,0,6,13,7,144255
289,AAC,14,144993,1,51,0,10,2,2,0,59,0,1,1,4,0,0,4,5,1,0,3,3,0,0,2,1,0,0,1,1,1,2,7,22,0,4,0,1,0,0,0,2,1,0,0,1,2,0,1,3,0,1,2,0,1,2,0,0,0,1,2,0,0,2
290,ACG,3,0,30,5,88,7,144830,10,1,0,3,1,0,0,70,0,7,0,1,2,0,1,0,0,0,4,2,2,1,1,0,1,2,0,0,1,0,3,26,1,0,0,4,0,0,0,0,0,0,2,0,0,6,0,2,0,1,0,1,0,2,1,0,0
291,CCT,0,0,0,0,0,0,0,7,0,0,0,1,0,0,0,0,0,0,0,17,21,91,7,144680,0,0,0,0,0,0,0,10,0,0,0,0,3,1,0,1,0,1,0,0,0,0,0,0,0,0,0,0,0,0,0,18,0,0,0,0,0,0,0,0
292,GTG,0,0,1,0,1,0,0,0,0,0,0,0,3,0,56,2,0,0,0,0,0,0,0,0,0,0,0,0,1,0,1,1,0,0,7,0,0,0,15,1,0,0,0,0,204,4,143089,11,0,3,0,0,0,0,0,0,0,0,0,0,2,0,2,0
293,CAA,15,0,1,2,1,4,1,1,5,0,5,1,2,2,3,3,145765,7,6,0,3,8,4,7,6,0,3,0,1,2,1,1,3,1,3,1,7,11,4,1,0,1,5,2,0,0,2,0,95,2,0,1,4,3,3,0,0,0,1,0,0,2,0,2
294,ATT,0,0,0,7,0,0,0,5,0,0,0,0,6,15,3,146042,0,0,0,1,0,0,0,0,0,0,0,0,1,5,1,3,0,0,0,0,0,0,0,0,0,0,0,0,0,1,5,5,0,0,1,0,0,0,0,0,0,3,0,0,5,0,3,3
295,AAT,23,10,11,145654,2,2,9,4,0,4,0,17,7,1,5,15,7,3,8,7,0,0,0,0,2,0,1,4,1,5,4,1,1,3,4,12,1,6,1,1,4,1,3,4,2,6,6,0,0,2,0,11,0,8,3,4,0,6,4,3,2,3,2,2
296,TGT,0,1,0,1,0,0,0,0,0,0,0,0,0,0,0,0,0,0,0,0,0,0,0,0,0,0,1,5,1,0,0,0,0,0,1,0,0,1,0,1,0,0,1,0,0,0,1,1,0,0,0,39,0,0,0,0,1,19,1,145389,0,0,0,2
297,ACC,8,6,2,1,10,145589,8,45,2,11,0,2,6,39,0,0,1,2,4,0,0,0,2,0,2,0,0,3,4,0,0,2,0,2,2,0,0,37,0,4,0,4,2,0,4,3,3,0,1,0,0,0,3,6,3,1,0,2,0,1,3,1,0,1
298,AGA,16,1,2,0,4,0,0,0,146001,3,9,2,3,1,0,0,0,2,0,0,0,0,1,0,7,1,9,1,0,0,0,0,0,0,1,0,0,0,0,0,47,0,0,0,0,0,0,0,2,0,0,1,0,0,1,0,7,0,0,3,0,0,0,0
299,CCT,0,0,1,0,0,1,3,4,1,1,0,0,0,0,3,1,2,2,1,11,9,44,6,145699,0,1,1,0,2,0,0,18,0,0,0,0,0,1,0,1,0,0,0,0,0,1,2,0,0,0,0,0,0,0,0,21,0,3,3,0,0,1,0,0
300,AAC,5,145608,0,25,0,5,4,4,1,11,0,6,1,4,0,1,0,5,2,1,0,1,1,0,0,0,0,0,0,0,1,5,0,1,0,2,1,1,2,0,1,0,3,0,0,0,5,0,0,1,0,0,4,8,4,1,0,1,0,3,1,1,2,0
301,AAC,15,145790,1,35,0,3,1,3,1,8,0,2,0,2,0,0,3,1,0,0,0,1,0,0,0,1,0,0,0,0,0,1,0,6,5,2,1,1,0,0,0,1,2,4,1,2,0,0,0,2,0,1,0,0,0,0,0,1,0,3,0,0,1,1
302,AAT,1,11,1,145065,4,5,3,2,0,6,9,7,0,3,5,2,1,1,8,4,3,0,0,0,6,7,2,4,1,0,1,0,0,0,0,7,5,5,3,5,0,2,2,1,0,0,0,0,0,2,0,14,3,2,3,2,0,0,6,1,1,0,2,0
303,ACA,10,2,1,3,145870,6,42,3,1,3,2,2,28,1,0,3,0,2,2,1,2,0,0,0,1,2,2,3,2,0,0,0,0,2,1,0,10,0,0,3,0,0,3,0,3,1,4,0,1,1,0,2,2,3,0,1,0,1,0,0,0,0,0,0
304,AGG,3,0,69,1,4,0,16,6,28,0,145474,5,10,7,19,12,4,1,3,0,1,0,0,0,2,5,9,8,0,2,1,3,1,0,1,4,1,3,2,0,0,4,41,0,5,3,6,6,1,3,2,1,3,2,5,5,0,0,14,1,0,0,1,1
305,AAA,144944,1,22,2,3,1,0,1,10,0,0,0,5,2,3,2,2,0,1,0,0,0,0,0,2,7,3,1,1,1,2,1,0,0,0,0,0,0,0,1,1,0,0,0,1,2,2,1,0,0,0,4,0,0,0,0,0,0,2,0,3,3,2,0
306,AGT,15,4,6,56,18,8,7,11,3,16,4,145403,6,7,4,8,5,3,2,5,2,3,5,3,7,6,4,4,7,5,4,3,4,6,7,3,3,3,6,5,0,1,3,38,6,3,2,3,2,4,0,0,0,5,6,2,0,3,1,5,4,3,5,3
307,ATA,9,0,0,0,3,1,0,0,0,0,0,2,145834,7,28,6,0,0,0,0,0,0,0,0,0,0,0,0,0,1,1,2,0,0,0,0,0,1,1,1,1,0,0,0,12,0,0,1,0,5,0,12,0,0,0,0,0,2,1,0,3,1,1,3
308,CGT,2,6,4,7,1,5,3,4,0,5,9,30,5,1,0,4,10,1,3,63,9,1,4,6,11,17,3,145555,1,11,2,25,0,0,0,0,11,3,4,1,0,0,1,2,3,8,11,1,0,0,0,2,2,1,2,4,0,0,4,116,4,3,6,2
309,ATA,8,0,0,2,1,1,0,1,1,3,0,3,146058,3,52,5,0,0,0,0,0,0,0,0,0,1,0,0,1,0,0,0,0,0,0,1,0,0,0,0,0,0,0,0,10,0,0,0,1,0,0,2,0,0,0,2,0,2,3,0,2,26,4,9
312,GGA,5,2,0,2,2,1,0,0,36,2,1,1,0,0,3,0,0,0,1,2,2,0,1,0,5,0,1,0,0,0,3,0,36,1,0,0,10,1,2,4,146022,3,10,2,3,0,0,0,0,1,0,0,0,0,0,0,18,0,4,0,1,2,0,0
313,CCA,0,0,0,1,10,0,0,0,2,0,1,0,0,2,1,0,10,2,2,1,145382,17,117,16,6,0,3,6,20,2,1,2,0,0,0,0,0,2,3,2,1,0,1,0,0,0,0,2,0,2,0,1,36,2,0,0,0,0,0,0,0,0,0,1
314,GGA,0,1,0,0,0,0,1,0,22,0,1,0,0,0,0,1,0,0,0,0,0,0,0,0,0,3,0,1,2,1,0,0,9,0,0,1,2,2,0,0,145588,17,11,3,2,1,0,1,0,1,0,0,0,1,1,0,4,0,1,1,1,1,1,0
315,CAA,26,0,5,2,3,4,3,0,1,0,0,0,5,1,3,7,145855,3,35,0,0,0,0,0,14,1,1,2,2,2,0,2,7,3,9,1,1,2,1,2,0,1,1,0,3,0,3,0,11,0,0,0,0,1,0,0,0,0,1,0,2,0,1,0
316,GCA,5,7,0,7,105,9,5,1,10,10,2,4,9,2,2,0,7,15,0,10,4,3,0,3,4,4,1,4,3,2,2,6,24,4,11,10,145206,17,11,9,0,1,0,0,62,0,0,0,1,7,0,5,18,12,8,6,0,2,0,3,3,3,4,6
317,TTC,2,0,0,0,0,0,1,0,1,0,0,0,1,3,1,0,0,0,1,0,0,0,0,0,0,0,0,0,2,7,3,1,1,0,0,0,1,1,0,0,0,1,0,0,0,0,1,0,4,4,0,1,0,4,0,0,0,1,0,0,8,145007,0,31
318,TAT,0,0,2,6,0,0,3,1,0,1,3,1,14,7,5,10,5,7,3,48,1,0,0,0,1,2,2,1,4,8,8,2,8,0,3,0,0,4,0,3,3,0,0,2,2,10,5,7,1,15,2,145177,1,1,3,0,0,5,5,5,5,4,7,12
319,GCA,0,0,3,0,56,2,0,1,1,3,0,4,1,1,0,0,0,1,1,0,0,1,2,0,0,3,0,1,0,4,0,0,2,1,0,0,145518,5,16,10,12,4,13,4,72,0,0,0,1,3,0,2,2,0,2,1,0,0,0,3,2,4,0,2
320,ACA,13,11,4,5,145697,7,81,5,8,3,4,1,36,4,2,1,7,14,5,0,1,3,0,0,0,1,2,4,3,1,1,1,0,0,1,0,7,0,0,0,0,1,2,2,0,0,2,1,1,2,2,8,2,4,2,6,0,0,0,0,0,20,1,7
321,GGG,1,5,4,0,3,2,3,4,1,1,24,6,1,1,4,2,0,4,2,2,5,0,2,0,0,2,1,4,0,4,0,0,0,6,23,2,1,1,10,1,48,7,145309,19,4,5,21,10,0,0,2,1,3,2,3,0,0,0,23,1,2,0,0,3
322,GAC,0,35,3,5,2,0,9,2,0,4,5,2,2,1,3,1,4,4,5,3,4,0,3,3,6,0,1,1,0,1,0,1,30,160940,11,57,4,2,4,6,3,60,5,4,1,1,1,0,0,10,0,1,0,10,0,2,2,1,2,1,1,0,2,0
322a,ATA,4,1,2,1,18,1,2,1,2,1,0,0,160444,2,8,5,0,0,0,6,6,4,7,0,0,0,0,0,2,0,1,0,1,0,0,0,3,2,0,0,0,0,0,1,13,1,4,5,3,1,0,3,1,0,0,1,0,0,1,3,2,1,0,4
323,ATA,17,9,6,4,10,2,0,0,8,2,5,5,160648,10,69,8,5,5,4,3,6,5,1,1,4,8,5,0,6,11,4,1,3,7,3,0,1,2,2,2,11,1,4,5,12,2,1,6,0,3,0,1,2,3,6,5,0,8,8,1,10,6,2,10
324,GGG,1,0,5,1,0,0,0,1,1,1,38,0,0,0,0,2,2,5,5,0,1,2,0,0,1,1,1,1,0,2,1,1,3,0,26,0,0,2,3,1,58,6,161270,29,0,0,2,0,1,0,0,3,0,0,0,2,0,0,10,0,0,0,0,0
325,GAT,8,15,3,61,4,5,7,3,3,11,12,14,9,9,3,3,12,7,4,12,6,4,2,2,4,3,2,4,2,4,2,5,12,34,9,160978,8,8,3,5,8,8,15,18,11,5,7,4,0,10,0,27,10,6,5,6,1,0,2,2,1,2,0,6
326,ATA,15,5,4,2,9,2,4,1,2,1,1,2,161338,11,78,13,2,4,2,2,1,3,1,1,3,3,0,2,4,2,4,8,0,0,0,0,3,0,3,4,4,0,8,3,16,3,2,1,1,9,1,3,2,5,1,0,0,2,0,1,13,3,7,4
327,AGA,43,5,0,0,0,6,0,0,161285,2,12,2,14,0,0,5,6,2,7,0,0,0,0,0,4,9,2,5,0,3,0,0,0,0,2,1,3,0,2,0,16,2,1,7,5,0,2,2,1,1,0,0,2,1,0,0,0,2,2,0,2,0,1,1
328,CAA,49,0,6,2,5,5,4,1,0,3,8,10,7,1,4,6,161210,2,42,7,9,7,6,5,8,1,13,3,5,1,1,2,3,2,0,1,1,4,5,2,4,2,0,0,1,1,2,1,17,0,0,2,3,2,5,4,0,2,8,4,2,6,1,2
329,GCA,0,0,0,0,83,6,4,2,0,3,1,2,3,5,4,0,1,0,0,1,19,16,10,5,0,0,3,0,0,0,0,0,4,0,0,0,160922,4,1,5,0,1,0,0,82,1,2,5,0,0,0,1,13,3,0,2,0,1,0,0,0,0,0,0
330,CAT,0,2,2,9,2,1,2,7,4,2,2,2,3,0,0,0,21,40,7,160719,0,0,0,0,0,2,0,3,1,3,3,2,0,0,0,1,1,2,1,1,0,0,0,0,5,1,2,3,0,3,0,30,8,4,5,5,1,0,2,0,0,0,0,3
331,TGT,0,1,0,0,1,0,0,0,0,2,0,3,0,0,0,0,0,0,0,0,0,0,0,0,0,0,2,7,0,0,0,0,0,0,0,0,0,0,0,1,0,0,1,0,0,0,0,1,0,0,0,22,0,0,0,0,2,28,0,161117,0,0,0,1
332,AAT,7,6,6,161262,0,7,1,5,3,0,0,6,1,6,3,4,6,1,2,0,0,0,0,0,0,2,0,2,0,0,0,0,1,0,4,24,2,0,1,0,0,0,0,0,1,0,0,0,0,0,0,1,1,3,1,0,0,0,4,1,4,0,2,0
333,GTC,0,0,0,0,0,2,0,0,0,0,0,0,3,42,1,3,0,0,0,0,0,0,0,0,0,1,0,0,1,11,0,0,0,7,0,0,0,13,0,0,0,2,0,0,20,161380,8,50,0,0,0,1,0,0,0,0,2,0,0,0,0,0,2,0
334,AGT,0,2,2,53,3,7,4,4,11,10,6,161392,2,2,5,9,3,2,1,2,0,0,0,0,2,2,0,7,0,0,3,0,4,1,2,2,1,0,0,0,0,2,4,44,0,0,0,3,0,1,0,4,10,3,5,1,1,0,0,6,0,1,5,1
335,AAA,161480,3,14,5,1,8,0,5,9,0,7,1,12,0,1,1,3,8,0,2,0,1,0,0,8,2,3,3,2,2,0,5,8,0,3,0,1,4,0,0,4,3,3,4,1,3,1,4,0,1,0,1,0,3,1,1,0,0,3,0,3,1,1,0
336,GCA,4,1,3,0,86,9,2,3,1,2,4,0,3,4,0,1,1,4,0,3,4,4,0,5,1,3,0,0,1,4,0,2,14,1,1,4,161273,4,6,6,4,2,2,0,60,6,1,0,0,8,0,2,15,0,0,5,2,0,3,2,1,3,1,2
337,ACA,25,3,3,5,161298,10,26,3,4,4,4,5,37,5,5,2,2,3,1,3,3,10,1,2,1,4,1,1,3,1,9,5,4,1,2,1,26,9,3,0,1,4,7,2,7,6,0,1,0,1,0,2,13,7,3,4,0,1,4,3,2,6,0,2
338,TGG,0,0,0,0,2,0,0,0,0,0,2,0,0,0,0,0,1,0,0,0,0,0,3,0,0,0,9,1,0,0,0,1,0,0,0,0,0,0,0,0,0,0,0,0,0,0,0,0,0,2,18,0,1,0,0,0,35,0,161457,4,0,0,2,0
339,AAT,3,19,3,161390,1,4,4,7,6,0,2,12,1,1,5,3,1,2,2,3,2,0,0,0,1,4,1,0,2,3,2,1,1,2,4,8,1,2,0,3,4,9,1,8,2,2,2,7,0,1,1,6,1,0,0,3,0,0,4,1,0,3,0,2
340,GAA,42,1,6,11,5,0,4,2,5,4,2,4,4,0,0,5,9,8,1,2,2,1,2,0,4,8,0,5,8,4,1,4,160992,3,10,5,6,0,3,1,21,1,5,0,2,2,2,0,4,3,1,6,8,0,4,2,0,2,3,1,9,0,2,2
341,ACT,16,5,6,30,15,13,7,161061,4,8,5,7,7,11,7,34,2,4,3,9,0,0,0,0,1,2,2,7,5,11,6,12,5,1,3,0,4,6,7,17,0,5,4,4,5,3,0,4,0,0,1,2,7,12,2,3,0,3,0,4,15,0,1,2
342,TTG,0,0,0,0,0,1,0,0,0,0,0,0,1,4,19,1,0,0,1,2,0,0,0,1,1,0,0,0,6,3,14,1,0,0,0,0,0,0,0,0,0,0,0,0,6,3,9,0,0,1,0,0,0,0,11,0,0,0,2,1,22,0,161351,4
343,GGA,3,3,0,2,1,7,0,2,38,3,6,2,0,2,5,4,4,3,1,2,1,0,0,0,3,1,0,0,1,0,0,1,47,3,0,2,7,3,2,5,160900,4,14,3,10,0,4,0,0,8,0,2,1,5,1,4,15,4,2,2,0,1,3,0
344,AAG,75,9,160866,37,3,7,5,2,0,3,47,6,5,1,5,2,6,5,4,0,1,0,0,0,3,1,3,2,1,0,1,10,2,2,13,0,1,5,1,3,2,2,0,0,2,0,3,3,0,5,0,5,0,0,1,1,0,1,3,0,4,0,3,0
345,GTG,0,0,0,0,0,0,1,1,0,0,0,0,0,0,39,0,0,0,0,0,0,0,0,0,0,0,0,0,0,1,2,0,0,0,2,0,3,0,3,1,0,4,0,0,48,3,161217,11,0,0,0,0,0,0,0,0,0,0,0,1,2,0,17,0
346,GTC,0,0,1,0,0,1,2,0,1,3,0,0,2,45,0,0,3,0,1,0,0,0,0,0,1,0,0,1,0,2,0,0,0,11,0,1,4,63,6,3,1,2,0,0,20,161106,2,33,0,0,0,1,0,0,0,4,0,0,0,3,0,4,0,0
347,AAA,161335,9,27,5,3,7,3,4,5,1,5,4,3,0,5,1,3,4,2,0,2,0,1,1,2,3,3,2,1,4,2,1,21,2,0,5,6,2,2,7,1,4,4,5,5,2,4,2,5,2,0,1,3,1,2,0,0,3,7,4,5,1,11,7
348,CAA,29,4,1,2,2,8,4,1,2,6,0,4,4,4,0,4,161338,5,6,0,0,1,0,0,4,2,5,0,7,2,0,5,6,1,1,0,0,3,4,6,3,3,3,2,0,7,0,4,12,0,0,3,5,0,0,4,0,1,0,1,2,0,1,0
349,TTA,1,0,0,0,0,0,0,0,0,0,1,0,5,1,2,2,0,0,0,0,0,1,0,0,2,0,3,0,15,1,4,5,0,0,0,0,1,0,0,0,0,0,0,0,1,0,0,0,1,0,0,1,6,0,0,0,1,0,2,0,161270,0,26,11
350,AGA,42,2,3,3,2,0,0,0,161104,5,3,6,9,3,4,2,6,6,0,7,0,0,0,0,8,3,5,5,7,2,2,2,0,0,0,0,3,1,7,1,12,1,4,1,5,1,0,3,0,5,1,2,1,6,5,2,0,1,5,0,4,4,3,4
351,AAA,161176,4,17,7,15,6,4,1,13,5,6,3,5,4,6,6,1,8,1,0,5,5,0,3,1,4,5,3,2,2,0,6,8,1,1,2,3,1,2,5,3,4,0,4,5,1,3,7,2,2,0,0,2,3,1,3,0,2,3,1,2,2,1,2
352,CAC,2,8,3,2,6,3,2,4,1,3,1,2,4,1,0,2,25,161201,0,23,0,1,0,1,0,9,6,4,1,6,3,3,4,4,0,0,1,0,2,2,0,0,1,2,2,1,1,3,0,21,0,0,2,4,0,5,0,0,3,0,1,4,0,4
353,TTT,1,0,0,0,0,1,0,0,0,0,0,0,2,0,0,7,0,0,0,0,0,0,0,0,0,0,0,0,0,0,1,6,0,0,0,0,0,0,0,0,0,0,0,1,2,0,0,3,0,5,0,11,1,0,0,3,0,0,5,1,8,4,7,161397
354,GGG,2,3,5,2,0,1,2,2,0,2,24,1,0,0,1,0,0,1,2,0,4,2,5,2,2,4,3,1,2,3,1,3,1,0,30,0,1,3,3,2,70,2,160647,22,0,2,13,4,2,1,0,2,1,0,3,1,0,0,9,0,0,1,6,1
355,AAC,21,161315,5,44,2,3,0,2,2,8,2,2,5,4,2,3,7,3,1,2,1,4,0,2,4,0,1,2,2,0,3,1,2,25,0,2,0,4,0,1,0,4,0,1,0,0,1,8,0,3,0,2,4,1,0,3,0,0,0,2,2,7,3,1
356,AAC,15,161225,3,31,2,1,3,0,4,14,3,0,0,5,0,1,1,2,0,7,0,1,1,0,4,2,1,2,1,0,0,0,4,10,1,4,2,1,5,0,1,0,0,0,2,0,1,0,1,7,0,0,2,2,2,5,0,0,0,1,1,0,0,0
357,ACA,42,0,1,3,161225,3,7,7,2,1,0,4,21,2,0,3,2,1,1,1,0,5,3,0,3,0,0,0,0,0,1,1,1,0,3,0,11,1,0,3,0,0,0,1,2,1,2,1,0,3,0,3,7,1,3,3,0,1,0,1,0,0,1,0
358,ATA,11,5,1,2,16,0,8,4,4,2,6,0,161286,1,6,3,2,1,3,1,1,2,2,0,6,1,1,1,0,4,1,4,0,3,1,0,10,4,0,2,0,3,1,2,11,4,0,0,1,3,0,1,5,5,1,4,0,1,5,3,5,8,0,2
359,ATA,1,0,0,0,5,0,0,0,1,0,1,0,161400,3,44,2,1,0,0,0,0,0,1,1,0,1,0,0,2,2,0,5,0,0,0,0,0,0,0,0,0,0,0,0,4,0,3,0,0,0,4,0,0,0,0,0,0,0,0,0,4,1,2,4
360,AGA,43,2,5,1,4,4,2,3,161225,7,7,1,15,1,6,4,6,4,2,4,0,0,0,0,6,1,0,2,0,1,0,2,1,0,1,0,4,7,3,0,10,0,3,1,2,5,3,7,1,2,0,1,1,1,2,5,5,0,0,0,0,0,1,3
361,TTT,0,0,0,0,0,2,0,0,0,0,0,0,3,1,2,6,0,3,0,0,0,0,0,0,0,0,1,0,5,1,3,5,1,0,0,0,1,0,0,2,0,4,0,1,0,0,0,1,0,2,0,2,0,0,0,6,0,0,2,0,5,9,2,161377
362,GCT,2,7,3,8,7,6,3,94,3,0,4,3,3,4,3,0,5,1,4,2,1,1,0,2,8,5,1,3,1,1,2,4,5,3,3,25,8,33,6,160993,3,5,5,11,2,2,2,51,0,0,0,4,5,1,1,17,0,5,3,3,3,1,2,1
363,AAT,9,13,5,161252,3,8,2,5,0,0,6,8,1,0,3,2,3,2,3,9,1,1,3,4,2,2,4,4,3,0,2,3,4,1,1,8,0,1,8,2,0,4,16,8,10,0,5,1,0,1,2,5,4,1,2,6,1,0,6,5,9,1,7,1
364,TCC,0,0,0,7,1,9,2,0,0,2,0,3,0,0,1,0,0,7,0,0,1,18,3,0,0,0,0,0,0,0,0,0,0,0,0,0,8,13,9,2,0,0,1,2,0,1,1,1,0,7,0,0,25,160931,5,21,0,3,0,2,1,16,0,0
365,TCA,0,0,0,2,13,1,1,3,1,2,0,4,0,1,1,0,1,0,1,0,66,2,0,0,0,0,0,0,2,1,0,1,1,0,1,0,5,4,3,9,0,1,3,1,3,0,1,2,1,0,2,0,160657,5,136,6,1,4,2,3,13,0,0,1
366,GGA,0,1,0,0,0,0,0,0,13,1,0,0,0,0,0,0,2,0,0,0,0,0,0,0,1,0,0,1,0,0,0,1,16,1,0,0,1,0,0,0,160815,7,26,7,5,0,0,0,1,1,0,1,0,0,0,0,4,1,0,1,0,0,0,0
367,GGG,2,0,0,0,0,0,0,0,0,0,88,0,0,0,0,0,0,0,0,0,0,0,0,0,0,0,0,0,0,0,0,0,0,0,21,0,0,0,2,0,47,0,161216,19,0,2,7,0,2,0,0,0,0,0,0,1,0,0,1,0,4,0,0,0
368,GAT,0,0,0,24,0,0,0,0,2,0,0,0,0,0,0,0,0,0,0,0,0,1,0,0,0,0,0,0,0,1,1,0,0,8,0,161686,0,0,0,0,0,0,0,3,0,0,0,1,0,0,0,2,2,0,0,0,0,0,0,0,0,0,0,4
369,CTA,5,1,1,1,6,7,1,8,5,0,2,0,33,5,3,6,10,1,0,1,64,5,5,3,6,2,2,1,161355,5,69,10,0,0,1,0,1,0,0,3,0,0,0,1,3,4,5,3,0,6,0,1,2,4,3,2,0,1,1,0,22,6,5,3
370,GAA,11,0,0,0,0,0,0,0,0,0,1,0,0,0,2,0,1,0,0,0,0,0,0,0,0,0,0,0,0,0,0,1,161683,2,9,2,1,0,0,0,2,0,0,0,2,0,0,0,5,0,0,0,0,0,0,0,0,0,0,0,0,0,2,0
371,GTC,0,0,0,0,0,1,0,0,0,0,0,0,1,38,0,1,0,0,0,2,5,1,0,0,0,0,1,0,0,2,1,2,0,7,0,0,0,6,0,0,0,1,1,0,18,161623,8,18,0,1,0,0,0,1,1,0,0,0,1,0,0,5,0,0
372,ACA,16,5,12,6,161399,6,44,8,1,0,2,4,52,2,2,7,8,1,4,2,3,2,0,0,2,4,1,0,0,0,1,6,2,7,2,2,10,3,4,1,1,2,6,3,5,8,5,8,2,3,0,3,7,3,3,1,0,2,2,0,3,0,7,1
373,ACA,7,3,4,1,161417,12,2,4,8,4,3,3,27,0,1,0,4,9,2,10,0,0,0,2,5,1,8,8,3,1,1,4,3,1,1,0,10,6,5,5,9,5,10,10,3,2,3,5,0,6,1,2,21,9,15,1,2,5,7,3,4,2,5,3
374,CAT,0,0,0,9,4,3,1,0,0,0,0,0,0,0,2,0,9,10,0,161527,0,0,0,1,0,0,0,1,10,4,5,7,0,0,0,0,5,2,1,1,6,4,5,5,2,2,0,1,0,5,0,37,2,0,7,1,0,0,2,2,0,1,3,5
375,AGT,0,0,0,28,0,2,1,2,1,8,0,161581,2,4,1,18,0,0,0,0,0,0,0,0,0,0,0,2,1,1,1,0,0,0,5,0,4,1,1,1,0,1,2,30,7,7,2,4,0,0,0,0,0,3,0,0,0,1,2,3,1,0,0,2
376,TTT,0,0,0,0,0,0,0,0,0,0,1,0,1,0,2,0,0,0,2,0,0,1,0,0,0,0,0,0,1,1,2,3,0,0,0,0,0,0,0,0,0,1,0,0,0,0,0,4,0,0,0,0,1,0,0,7,0,0,0,2,7,8,1,161681
377,AAT,7,4,6,160635,0,2,1,5,0,1,1,8,10,0,0,9,2,0,0,3,2,1,1,0,1,2,2,0,1,2,0,4,1,0,0,39,2,1,0,0,0,1,1,2,1,3,0,0,0,0,0,5,2,1,1,2,0,0,4,0,2,1,0,0
378,TGT,0,0,0,0,0,0,0,0,0,0,0,5,0,0,0,1,0,0,0,0,0,0,0,0,0,0,0,2,0,0,0,0,0,0,0,0,0,0,0,0,0,0,0,0,0,0,0,0,0,0,2,39,1,1,0,1,1,15,0,161140,0,0,0,3
379,GGA,2,2,4,1,0,0,0,0,34,0,3,0,0,0,1,0,2,5,1,3,0,0,0,0,2,2,0,1,3,2,1,4,20,0,3,0,8,6,1,5,160727,4,38,5,2,0,0,0,0,1,0,0,0,0,0,0,8,0,0,0,2,2,1,0
380,GGA,0,3,0,6,0,1,0,0,55,1,4,2,0,0,0,0,6,0,4,0,0,0,0,0,0,1,0,1,0,0,0,0,18,0,3,0,1,1,0,2,160552,6,12,2,3,2,0,0,0,1,0,0,0,1,0,0,3,0,4,0,0,0,0,0
381,GAA,15,2,0,2,4,3,0,3,0,5,0,1,7,4,0,8,3,1,1,2,0,2,1,0,0,0,0,0,18,0,1,3,160657,5,9,4,1,1,1,1,8,0,5,2,0,3,1,2,3,0,0,0,2,5,0,2,2,3,0,3,3,0,2,0
382,TTT,1,0,2,2,0,0,0,0,1,0,0,0,0,0,0,27,0,1,0,2,0,0,2,1,1,0,2,0,0,0,3,7,0,0,0,0,2,0,0,0,0,0,0,0,2,0,0,3,0,14,2,7,0,1,1,3,1,0,15,0,2,8,0,160207
383,TTC,0,0,1,0,1,0,0,2,0,0,0,0,0,10,3,0,2,0,0,0,0,0,1,0,0,0,1,0,2,16,1,4,0,1,0,0,0,0,3,0,0,0,0,2,2,0,1,1,0,10,0,6,0,2,1,1,0,0,3,1,17,159907,3,47
384,TAT,0,11,0,11,2,2,8,4,0,3,0,6,1,1,4,3,1,8,5,9,0,0,0,1,0,0,0,0,5,11,3,3,0,0,0,0,3,2,6,9,0,0,0,0,3,4,6,0,2,17,0,160934,4,4,2,2,0,0,0,9,14,7,5,15
385,TGT,0,0,0,0,0,0,0,0,0,0,0,5,0,0,0,0,0,0,0,0,0,0,0,0,0,0,0,13,0,0,0,0,0,0,1,0,0,0,1,0,1,0,0,6,0,0,0,0,3,0,0,30,0,0,0,2,2,57,2,160562,0,0,0,6
386,AAC,14,161123,0,46,2,1,0,0,1,20,1,3,0,5,0,6,4,0,4,0,0,1,1,0,0,2,0,0,0,1,2,0,1,34,3,0,2,1,0,2,2,5,0,2,1,1,1,0,0,4,0,1,1,4,1,2,0,1,0,1,0,2,1,3
387,ACA,2,0,1,0,160077,2,12,3,0,0,0,0,20,0,1,0,0,0,0,0,1,0,0,0,0,0,0,0,1,0,0,0,0,0,0,0,6,0,0,0,0,0,0,0,0,0,0,2,0,0,0,0,4,0,0,5,0,0,0,0,0,0,0,0
388,TCA,1,5,0,4,6,1,2,3,0,3,5,2,2,4,0,5,4,2,8,2,13,0,0,2,2,1,1,1,3,1,1,3,3,4,0,2,1,0,0,1,3,0,5,6,0,2,2,2,4,0,0,4,160236,4,127,9,1,1,4,0,38,2,0,2
389,GGC,0,0,0,0,2,3,0,0,2,32,0,1,4,0,0,3,2,1,0,0,1,1,0,0,0,4,1,0,0,0,0,1,0,73,0,0,1,1,1,1,21,159789,5,57,1,0,1,2,0,0,0,0,0,1,1,0,0,9,0,0,3,1,1,0
390,CTG,0,0,0,0,0,0,1,0,0,0,0,0,0,0,19,3,0,0,5,0,0,0,29,0,0,0,2,0,81,22,160204,15,0,0,0,0,0,0,0,0,0,0,0,0,0,0,1,0,0,0,0,0,0,0,0,0,0,0,0,0,2,0,20,0
391,TTC,0,0,0,0,0,0,0,0,1,0,2,0,0,1,0,0,1,2,0,0,0,0,0,0,0,0,0,0,0,33,0,0,0,0,0,0,0,0,0,0,0,0,0,0,0,0,1,0,0,4,0,3,0,12,0,0,0,0,2,0,3,159042,0,31
392,AAT,10,20,6,161236,3,4,2,2,0,3,6,17,2,5,12,6,3,3,4,8,0,0,1,0,1,0,1,2,0,2,0,3,1,1,5,9,1,6,2,3,3,3,1,5,1,6,1,1,1,0,0,8,6,5,0,4,0,1,2,6,1,0,0,0
393,AGC,0,61,0,0,3,7,6,2,6,161035,0,46,0,2,3,0,3,1,2,3,3,0,0,0,1,1,0,0,1,1,0,0,0,1,0,0,4,4,4,2,4,50,0,6,0,0,0,0,0,1,0,4,6,7,7,4,0,0,1,2,0,1,4,2
394,ACT,5,5,2,15,22,27,3,160542,5,5,1,13,3,7,2,40,8,4,4,4,0,0,2,1,2,4,8,4,2,6,10,5,5,0,5,2,4,3,6,8,1,1,3,0,7,4,4,11,0,5,1,6,8,1,3,9,0,0,7,6,15,8,7,12
395,TGG,1,0,0,1,0,0,0,0,0,2,6,0,0,0,0,0,0,5,0,3,0,0,0,1,0,0,17,0,1,1,0,0,0,0,0,0,1,0,0,0,1,0,3,0,0,0,0,0,0,6,22,5,0,0,2,0,18,0,161030,4,0,6,1,3
396,ATT,2,3,0,30,1,3,3,13,2,4,3,6,14,12,2,160612,0,2,3,6,2,5,1,2,3,2,8,0,4,3,6,3,1,1,0,0,2,1,2,1,2,2,5,3,1,1,1,17,1,2,0,0,4,4,1,1,0,1,0,1,1,9,1,5
397,AGC,15,103,0,2,5,7,4,2,19,160143,6,122,1,16,2,4,4,11,4,6,5,10,3,2,2,3,1,1,1,0,3,3,2,0,3,6,0,2,2,3,5,106,14,2,4,3,5,7,0,1,0,3,6,4,7,3,0,6,3,5,0,5,2,3
398,AAT,12,8,0,160880,1,6,1,5,7,2,1,4,0,2,3,1,0,7,3,2,0,8,0,4,8,2,1,9,3,6,4,4,2,2,3,13,0,0,0,2,0,0,6,6,3,1,3,0,0,3,0,1,0,0,1,0,0,0,0,2,2,4,0,1
399,ACC,16,23,5,5,36,160999,15,45,7,3,10,5,6,31,5,2,2,3,2,5,0,8,0,4,1,8,1,3,6,8,1,4,3,8,0,3,7,45,5,4,0,10,3,4,6,7,3,9,0,8,0,2,2,15,3,4,0,3,2,7,9,7,2,1
401,AGC,6,52,3,4,8,6,6,0,32,160559,12,88,6,21,5,2,3,7,8,1,8,3,1,6,1,26,2,8,5,6,0,2,6,3,8,2,6,2,1,6,5,181,11,9,6,8,8,2,1,6,1,2,2,9,1,6,0,11,7,9,4,7,6,15
402,GTG,5,6,6,7,12,3,7,1,6,6,7,4,4,10,99,11,4,2,8,3,5,0,3,3,0,11,7,4,3,4,8,6,1,3,6,6,1,3,8,4,14,3,13,7,157,5,160759,21,1,4,0,1,1,6,2,3,0,1,17,4,8,4,14,1
403,CAG,4,4,23,0,4,4,14,1,3,1,7,4,0,3,6,1,66,4,160495,48,1,11,12,5,6,4,92,3,0,10,7,7,3,3,21,6,10,8,4,1,7,6,11,3,0,2,9,2,0,3,127,2,7,5,5,3,0,0,5,3,0,3,7,8
404,GGG,0,1,4,2,1,0,1,1,0,2,55,1,0,0,2,0,1,6,3,4,4,1,0,2,6,1,10,3,2,1,0,1,1,4,54,1,2,8,2,1,94,6,159177,31,2,3,27,3,0,1,0,0,4,4,7,0,0,3,25,0,0,3,0,4
405,TCA,12,3,2,0,12,4,4,6,9,6,2,3,2,9,2,1,5,3,0,2,80,8,9,6,5,0,1,1,3,5,5,3,4,1,6,2,15,8,6,6,2,1,2,13,8,4,12,2,3,0,1,10,160439,5,25,8,0,1,3,4,34,8,3,7
406,AAT,36,11,13,159603,7,11,3,14,5,4,5,31,6,2,8,13,10,3,8,3,2,4,1,7,8,3,2,5,6,3,10,7,7,2,0,19,4,3,2,8,2,1,9,2,7,2,11,6,0,2,0,14,8,11,4,11,0,8,5,7,5,4,5,8
407,AGC,5,115,9,6,6,8,12,9,37,160174,6,99,3,19,10,10,8,8,8,6,6,9,5,5,10,16,5,9,6,13,4,5,8,2,5,6,4,10,13,7,15,67,18,16,7,15,7,24,0,10,0,3,6,5,4,11,2,26,27,13,9,12,4,12
408,ACG,5,6,30,6,71,11,160120,40,10,17,15,9,6,5,107,8,3,8,6,13,8,11,25,12,3,12,14,16,11,3,8,15,4,7,10,3,2,5,29,6,3,13,28,10,6,10,18,6,0,7,0,6,8,6,12,7,0,3,14,11,9,11,16,6
409,GGG,4,3,7,4,1,8,16,5,3,8,59,6,5,14,6,1,7,6,14,6,17,4,7,11,2,8,14,8,4,6,12,9,8,12,94,10,7,12,21,12,72,13,159897,33,1,6,31,16,1,4,0,7,5,7,9,7,1,5,15,13,6,6,11,12
410,TCA,11,4,3,3,3,7,5,1,3,0,1,0,4,2,3,0,4,3,4,4,63,4,1,3,5,3,0,3,1,1,0,0,2,1,0,2,3,6,6,0,8,1,6,3,4,6,6,8,2,3,0,4,160999,7,36,4,6,10,7,6,38,2,3,6
411,AAT,13,16,5,160547,5,6,6,4,4,3,6,21,3,4,7,8,5,4,8,4,5,7,1,1,1,2,4,1,6,3,9,0,0,4,1,14,3,5,2,4,6,4,7,7,0,15,5,8,0,4,0,6,4,4,1,4,0,7,2,5,15,7,5,4
412,GAC,8,22,0,0,8,8,12,5,3,6,4,7,5,4,0,3,0,9,5,3,2,9,15,1,2,0,4,5,11,3,0,2,28,160803,2,86,11,8,5,7,5,46,0,4,4,18,5,5,0,18,0,3,4,3,5,9,0,6,6,2,3,2,5,2
413,AGT,0,1,5,40,0,6,3,8,5,33,6,68739,2,1,2,11,3,1,2,3,1,0,0,0,6,1,5,9,4,7,2,4,1,3,0,6,3,0,2,3,2,1,8,40,6,2,10,7,0,1,1,2,0,3,4,3,0,4,10,14,3,7,7,6
414,ATA,1,0,1,0,7,0,0,0,0,0,0,0,68843,6,4,3,0,0,0,0,0,0,0,0,0,0,0,0,0,1,1,1,0,1,0,0,0,0,0,0,0,1,0,0,3,3,9,3,2,1,0,0,0,0,0,0,0,0,0,0,1,2,0,2
415,ACT,2,0,2,5,3,9,2,68938,3,4,1,1,1,1,0,23,0,0,3,1,0,0,0,1,1,2,2,2,0,2,0,2,3,0,0,1,0,2,1,6,0,0,1,0,2,0,2,0,0,1,0,0,1,0,0,4,0,1,1,1,0,1,2,1
416,CTC,0,0,0,1,0,0,0,0,0,0,0,0,2,5,1,0,1,3,0,0,0,6,0,1,0,0,0,0,5,69042,1,14,0,0,0,0,0,0,0,0,0,0,0,0,1,1,1,1,0,0,0,0,0,0,0,0,0,0,0,1,6,10,1,1
417,CCA,3,2,2,0,9,1,3,0,0,0,1,1,1,1,1,0,11,2,1,0,68904,2,6,2,1,2,1,2,8,0,0,1,2,1,0,0,0,1,0,0,0,0,2,0,1,0,1,0,0,0,0,3,4,2,1,0,0,0,0,0,7,3,2,2
418,TGC,0,0,0,0,0,0,0,0,0,3,0,0,0,0,0,0,0,0,0,0,0,0,0,0,0,3,0,0,0,0,0,0,0,0,0,0,0,0,0,0,0,0,0,0,0,0,0,0,2,16,0,0,0,1,0,0,0,68946,0,84,0,1,0,0
419,AGA,26,4,3,4,2,0,1,0,68948,4,4,0,4,0,0,0,0,1,2,1,0,0,0,0,1,7,0,1,1,3,0,1,0,0,0,0,2,0,0,1,9,0,3,4,0,2,0,0,0,1,0,1,0,1,3,0,1,1,2,0,0,0,0,3
420,ATA,3,1,0,1,3,2,3,0,0,3,1,1,69016,0,5,2,3,3,2,0,1,2,3,1,2,0,0,1,3,2,1,2,1,0,0,0,1,0,0,0,3,0,5,1,1,0,0,1,0,0,0,0,1,2,3,3,0,0,0,0,2,0,1,1
421,AAG,22,0,68871,2,2,0,1,0,1,4,6,1,0,0,0,0,1,1,3,1,0,0,0,0,0,0,0,4,0,0,0,0,0,0,3,0,1,0,0,1,0,0,0,0,3,0,0,0,0,0,1,0,0,1,4,0,0,0,0,1,0,0,0,0
422,CAA,1,1,1,0,0,0,0,1,1,0,0,0,0,0,0,0,69046,1,2,3,0,0,0,0,11,0,0,0,1,1,1,1,0,0,0,0,0,0,0,0,0,0,0,0,0,0,0,0,10,0,0,0,1,0,0,1,0,0,0,1,1,0,1,0
423,ATT,0,0,0,3,0,0,0,2,0,0,1,1,8,5,1,68687,0,0,0,0,0,0,0,0,0,0,0,0,0,0,1,1,0,0,0,0,0,0,1,0,0,0,0,0,3,2,2,5,0,0,0,1,0,0,0,0,0,1,0,1,4,2,0,5
424,ATA,1,7,0,4,4,0,2,4,0,3,2,3,68916,5,19,4,1,5,0,2,0,0,0,0,0,0,4,0,4,1,0,1,0,0,0,0,1,0,0,0,0,0,0,0,3,0,1,2,0,3,0,0,1,0,0,1,0,0,1,0,3,8,2,1
425,AAT,9,8,0,68946,1,2,1,1,0,3,0,4,1,0,0,5,0,3,4,3,0,0,0,0,1,0,5,3,2,0,1,0,1,2,1,8,3,2,3,0,2,0,2,2,1,2,0,0,0,0,0,5,4,2,1,1,0,0,1,0,0,1,0,2
426,ATG,2,1,2,2,1,2,0,0,0,0,1,0,19,3,68915,10,3,3,1,1,0,1,0,0,2,1,2,5,0,0,1,3,0,0,0,0,0,1,0,0,5,0,6,0,1,4,17,2,0,4,0,3,2,1,0,0,0,1,0,0,3,0,1,1
427,TGG,0,0,0,0,0,0,0,0,0,0,2,0,0,0,0,0,0,0,0,0,0,0,0,0,0,0,0,0,1,0,0,0,0,0,0,0,0,0,0,1,0,0,0,0,0,0,0,0,0,0,9,0,0,0,0,0,26,0,68956,1,0,0,0,0
428,CAG,0,2,2,0,0,1,3,2,0,0,0,2,0,2,0,2,19,5,68862,12,0,0,0,0,0,0,9,0,0,1,5,1,0,1,3,0,3,0,2,2,0,0,1,1,2,2,1,1,0,0,22,1,1,4,4,5,0,0,0,0,1,0,1,2
429,AGA,35,3,0,1,2,2,0,1,68763,4,3,1,1,1,1,1,4,11,1,0,0,0,0,0,1,0,1,2,1,0,0,1,1,1,0,1,4,1,0,3,15,0,1,1,0,1,1,2,0,1,0,2,2,2,3,2,0,1,1,1,1,2,0,2
430,ATA,3,2,0,3,5,2,3,1,1,1,3,0,68827,1,60,3,4,8,3,0,4,5,2,3,1,1,0,0,0,2,3,1,0,0,2,0,2,2,1,1,1,0,1,0,3,3,3,0,0,5,0,8,4,5,0,3,0,1,4,0,3,2,1,7
431,GGA,3,6,2,7,1,1,0,0,27,3,16,4,1,0,3,0,6,5,7,3,0,0,0,0,2,8,5,3,2,1,2,1,15,0,3,1,10,4,2,2,68745,10,9,7,2,2,1,1,0,0,0,1,0,1,4,3,15,2,3,0,1,1,0,1
432,CAA,15,4,3,7,8,11,2,6,1,4,1,3,3,3,1,3,68436,16,18,15,10,22,12,7,9,5,0,5,7,4,5,8,11,4,2,1,7,5,4,2,5,3,0,6,1,5,2,0,9,4,0,14,6,7,6,6,1,3,2,2,2,5,2,17
433,GCA,1,0,2,0,41,3,1,4,1,3,1,3,1,2,6,2,3,2,3,7,0,0,0,0,2,3,2,2,1,2,0,1,2,3,3,3,68845,8,12,11,10,1,3,2,43,2,8,1,0,2,0,2,13,9,2,3,1,2,2,3,2,2,2,4
434,ATG,1,0,5,1,0,0,4,0,0,0,0,0,22,6,68909,13,0,2,3,0,0,0,0,0,0,0,1,1,0,0,4,2,0,3,0,0,0,1,0,0,1,0,1,0,5,2,4,0,0,0,0,3,0,0,0,1,0,0,1,4,1,2,3,1
435,TAT,0,0,1,0,0,0,0,0,0,0,0,0,1,0,0,1,0,0,0,20,0,0,0,0,0,0,0,0,1,1,0,0,0,0,0,2,0,1,2,0,0,0,0,0,0,0,0,0,2,10,0,68945,0,0,1,1,1,2,8,14,1,1,0,4
436,GCC,0,5,0,0,2,60,1,0,0,0,1,0,0,5,0,8,0,0,0,0,0,1,0,0,0,1,1,1,1,0,0,0,0,4,2,0,13,68184,8,15,0,0,2,1,0,207,12,4,0,0,0,0,1,7,0,0,0,1,2,0,0,0,0,3
437,CCT,0,2,0,1,0,0,1,5,0,0,0,0,2,0,1,2,0,0,4,6,6,21,7,67964,0,0,0,0,0,1,3,19,0,0,0,0,0,0,1,1,0,1,0,1,4,4,3,4,0,0,0,0,1,0,0,2,0,0,1,1,0,2,2,3
438,CCC,1,1,0,2,1,10,5,0,0,4,1,2,0,0,0,2,0,3,1,0,14,68728,1,12,0,0,0,1,0,8,0,0,0,0,0,0,2,4,1,1,0,1,3,3,1,2,2,3,0,0,0,0,1,11,8,1,0,0,0,0,0,0,1,0
439,ATC,0,1,1,0,0,11,1,0,2,1,2,3,12,68881,0,3,0,1,3,1,1,0,0,0,0,2,0,2,0,0,0,0,0,0,0,0,2,0,0,0,0,1,0,0,5,5,1,2,0,0,0,0,0,0,0,0,0,1,0,0,0,0,0,0
440,CAA,9,1,2,0,1,3,1,4,1,1,2,2,0,0,0,1,68831,6,14,1,4,4,4,1,8,2,1,3,1,2,2,2,1,1,1,1,6,0,2,1,1,0,3,0,5,3,5,2,4,1,0,0,2,0,1,1,0,1,0,2,0,0,0,0
441,GGA,0,1,1,0,1,1,1,0,17,0,4,2,0,0,1,0,1,1,1,1,1,0,4,0,2,1,3,1,0,0,0,1,10,2,3,5,2,1,0,3,68563,2,12,11,1,0,0,0,0,0,0,0,3,1,2,0,6,0,0,0,0,0,0,0
442,GTA,1,1,0,0,3,2,0,0,2,0,3,0,39,0,1,2,0,0,0,0,1,5,0,0,4,0,1,0,2,1,0,0,0,0,0,0,9,0,0,1,1,1,0,1,68583,2,6,3,0,0,0,3,2,3,0,0,0,3,0,0,13,4,0,1
443,ATA,1,5,1,1,6,5,5,6,3,1,1,0,68732,4,22,2,1,1,2,0,4,3,1,1,0,0,3,0,2,2,2,1,0,1,2,1,2,0,1,2,3,1,0,6,12,0,2,5,0,2,0,3,2,1,3,1,0,0,0,0,5,0,4,2
444,AGA,18,2,2,0,6,4,0,0,68646,1,3,0,8,1,0,0,0,4,4,0,2,0,0,0,3,2,1,0,1,2,1,1,3,0,1,1,2,0,3,0,5,2,2,0,2,0,1,0,0,0,0,1,3,1,1,0,0,0,4,0,0,1,0,3
445,TGT,0,0,0,0,0,1,1,0,1,0,0,3,0,0,1,0,1,0,0,0,0,0,2,0,0,1,0,3,0,0,0,0,1,0,0,0,0,0,0,0,0,0,0,1,0,0,0,0,0,0,0,12,0,0,0,0,0,7,0,68953,0,0,0,0
446,GTA,2,2,3,0,1,1,2,4,0,2,1,3,50,2,2,0,0,2,5,2,0,1,0,0,2,1,1,1,2,2,2,0,6,0,2,0,14,7,0,5,1,3,3,2,68799,3,11,4,0,1,0,1,2,3,0,1,0,0,1,3,7,3,1,0
447,TCA,0,0,0,1,3,0,0,0,0,1,0,2,0,0,0,0,1,3,0,2,1,0,0,0,0,0,0,0,0,0,0,0,0,0,0,0,3,1,1,1,1,2,3,0,0,0,0,0,1,1,0,1,68725,3,11,2,0,0,1,0,7,1,0,0
448,AAC,2,68923,3,13,0,1,1,0,0,1,1,3,0,0,0,0,1,1,1,1,0,0,0,1,1,2,0,0,0,0,0,0,2,5,4,4,0,0,0,0,0,0,0,1,0,0,0,0,0,2,0,1,0,1,0,0,0,0,0,1,0,0,0,0
449,ATT,0,0,0,3,0,0,0,2,0,0,0,0,3,11,1,68870,2,0,0,0,0,0,0,0,0,0,0,0,0,0,0,0,0,0,0,0,0,0,0,0,0,0,0,0,2,0,0,2,0,0,0,1,0,0,0,0,0,0,0,0,0,0,0,2
450,ACA,1,1,0,0,68422,4,53,6,1,2,0,0,23,0,0,0,0,0,0,0,0,0,0,0,0,1,0,0,0,0,0,0,0,1,0,0,12,0,0,0,0,0,0,0,0,0,0,0,0,0,0,0,0,0,2,0,0,0,0,0,0,0,0,0
451,GGG,1,0,0,0,0,0,0,0,0,0,8,1,0,0,0,0,0,0,0,0,0,0,0,0,0,1,0,0,1,0,0,0,0,0,7,0,2,2,1,0,34,2,68609,8,0,0,0,0,0,1,0,0,0,2,1,0,0,0,2,0,0,0,0,0
452,CTA,0,0,0,0,1,0,0,0,0,0,0,0,17,2,1,2,0,0,0,0,12,0,0,0,1,0,0,0,68832,2,15,0,0,0,0,0,1,2,0,0,0,0,0,2,4,3,1,5,0,0,0,0,1,0,0,0,0,1,0,0,14,1,3,1
453,ATA,4,1,0,0,3,1,3,3,0,0,0,0,68957,2,6,2,0,0,2,0,1,0,0,0,0,0,0,0,3,0,2,2,0,0,0,0,0,0,0,0,0,0,0,0,6,2,2,3,0,0,0,0,2,0,0,0,0,0,0,0,3,2,1,0
454,TTA,0,0,0,0,0,0,0,0,0,0,0,0,2,1,1,0,0,0,0,0,0,0,0,0,0,0,0,0,3,0,1,3,0,0,0,0,0,0,0,0,0,0,0,0,6,1,0,0,1,0,0,0,5,0,0,0,1,1,1,1,68851,2,3,0
455,ACA,1,0,0,0,68525,1,17,2,0,1,0,2,3,0,1,0,1,0,1,0,1,0,0,0,0,0,0,0,0,0,0,1,2,0,0,0,2,2,1,0,0,0,2,0,0,0,0,0,0,0,0,0,4,1,1,3,0,0,0,0,1,0,0,2
456,AGA,4,2,0,1,0,0,0,0,68595,0,12,0,6,0,0,0,0,0,0,0,0,0,0,0,3,4,2,1,0,0,2,0,0,0,0,0,0,0,0,0,6,0,0,0,2,0,1,0,0,0,0,0,0,0,0,3,1,0,1,0,0,0,0,0
457,GAT,0,0,0,13,0,0,0,0,0,0,0,0,0,0,0,0,0,0,0,0,0,1,0,0,0,0,0,0,0,0,0,1,3,4,1,68797,0,0,0,0,0,0,0,2,0,1,1,0,0,0,0,0,0,0,0,0,0,0,0,0,0,0,0,1
458,GGT,0,0,0,0,0,1,0,0,0,0,0,4,0,0,0,0,0,0,0,1,0,0,0,0,0,0,0,0,1,0,0,0,1,0,0,5,0,0,0,0,4,9,13,68799,0,0,0,0,1,0,0,0,0,0,0,0,0,0,0,4,0,1,0,0
459,GGG,1,0,1,0,0,0,0,1,0,0,8,0,1,0,1,0,0,1,1,0,0,0,0,0,2,1,0,0,0,0,0,1,1,0,23,2,1,1,2,1,21,3,68087,5,0,0,1,0,0,0,0,0,0,0,1,0,0,0,4,0,0,0,0,0
460,AGT,0,2,2,41,0,1,3,0,3,4,1,68772,0,1,2,3,1,1,0,1,0,4,4,3,0,0,1,1,0,0,0,1,0,0,0,0,0,0,0,0,3,1,1,21,2,0,1,1,0,0,0,0,0,1,2,0,0,1,0,1,0,0,1,1
461,ACT,1,3,3,10,7,33,0,68610,0,1,7,2,4,0,1,10,2,5,5,2,2,0,1,1,3,0,1,4,1,0,1,1,1,3,1,4,1,5,2,21,2,2,4,0,2,2,2,2,0,0,0,6,4,5,1,7,0,0,1,1,1,0,0,5
462,AAT,8,4,6,68741,1,1,2,4,1,2,1,3,0,1,2,5,1,4,1,5,2,3,1,2,2,6,2,3,2,3,2,1,1,4,1,15,1,0,1,2,0,3,3,3,0,2,2,0,0,4,0,4,0,5,1,2,0,0,1,1,3,2,2,1
463,AGT,1,3,3,35,0,5,1,3,3,16,5,68651,1,1,0,3,2,6,4,3,0,1,2,3,4,0,1,3,0,0,2,1,1,0,3,1,4,0,6,3,4,4,6,18,0,0,0,2,0,0,0,1,3,4,1,2,0,0,8,4,5,4,2,5
464,ACA,6,2,4,2,68440,2,1,2,8,5,0,4,22,4,3,1,1,4,8,0,2,0,5,3,1,1,1,5,2,4,3,2,4,1,1,2,10,1,3,2,7,6,3,7,0,4,2,3,1,9,0,0,6,3,4,0,0,5,1,7,3,0,3,5
465,ACT,1,4,0,10,3,35,3,68460,0,3,5,2,2,1,4,11,0,3,3,1,2,1,0,0,3,3,6,2,4,2,3,6,0,0,0,3,2,3,3,4,0,3,2,3,3,2,2,5,0,1,0,2,2,2,3,8,0,1,1,2,2,5,2,4
466,GAA,13,5,0,0,0,0,0,0,1,0,0,0,0,0,0,0,2,0,0,3,0,0,0,0,0,0,1,0,3,1,0,1,68612,0,4,3,0,0,2,0,1,0,0,1,2,0,0,0,1,0,0,0,0,0,0,0,0,1,0,0,0,0,0,0
467,ACC,0,0,1,0,21,68850,1,9,0,2,0,0,5,24,0,1,0,0,0,0,0,0,0,0,0,0,0,0,0,1,2,0,0,0,0,0,0,2,0,0,0,0,0,0,2,1,1,0,0,1,0,1,2,0,1,0,0,0,1,0,1,0,0,0
468,TTC,0,1,0,0,0,0,1,0,0,0,0,0,2,4,3,3,1,0,0,0,0,0,0,0,0,0,0,0,1,13,8,1,1,0,0,0,0,0,0,0,0,0,0,0,0,3,0,1,1,0,0,0,0,8,0,0,0,0,0,0,3,68535,1,6
469,AGA,8,0,0,0,0,1,0,0,68343,0,5,1,3,1,0,0,0,0,2,0,0,0,0,0,3,1,1,2,0,0,0,1,0,0,0,0,0,0,0,0,17,0,0,0,0,0,0,0,0,0,0,0,0,0,0,0,0,0,0,0,0,9,1,0
470,CCT,0,0,0,0,0,2,0,0,9,0,0,0,0,0,0,0,0,0,0,4,10,40,3,66581,1,0,0,2,2,0,1,7,0,0,0,0,0,0,0,2,0,0,1,0,0,0,0,0,0,0,0,0,0,0,0,1,0,0,0,0,2,1,0,0
471,GGA,0,6,1,2,6,9,0,4,5,4,0,1,1,1,7,1,6,2,3,0,0,0,0,9,0,0,0,0,0,2,4,2,7,1,0,2,4,2,6,7,67548,4,38,7,10,6,4,0,0,2,0,1,4,4,1,3,5,1,0,0,3,5,2,2
472,GGA,0,0,0,1,0,0,0,1,4,0,1,0,0,0,0,0,0,0,0,0,1,0,0,1,0,0,0,0,0,0,0,0,6,0,0,0,0,0,0,0,68048,1,28,7,0,0,0,1,0,0,0,0,0,0,0,0,2,0,0,0,0,0,0,0
473,GGA,0,0,0,0,0,0,0,0,16,0,0,0,0,2,0,0,0,0,0,0,0,0,0,1,0,0,0,0,0,1,1,0,4,0,0,0,1,0,0,0,67181,2,42,5,1,0,0,0,0,0,0,0,0,0,0,0,3,0,1,0,1,0,0,0
474,GAT,0,1,0,22,0,0,0,0,1,5,5,3,0,0,1,0,3,0,1,0,0,0,0,0,0,0,0,1,1,1,1,0,2,11,1,66744,5,2,2,0,1,0,0,1,0,0,0,0,0,1,1,12,1,1,0,1,1,2,0,0,1,0,0,0
475,ATG,0,1,0,0,0,0,3,2,0,0,0,0,20,4,67251,20,3,0,3,0,0,3,1,2,0,0,0,0,2,3,3,9,0,0,0,1,0,1,6,1,1,0,1,0,2,4,7,0,0,1,0,1,1,0,0,0,0,2,0,0,2,1,5,0
476,AGG,0,3,19,0,0,0,6,4,21,2,66241,9,1,3,17,0,1,3,4,1,0,0,0,0,1,0,4,1,4,5,1,0,1,0,0,0,4,1,2,1,0,0,31,1,1,0,2,0,0,0,0,0,0,2,1,1,0,0,8,0,2,0,4,0
477,GAC,0,12,0,1,0,1,0,1,0,1,0,0,0,0,0,1,0,0,0,0,0,0,0,0,0,0,0,0,0,0,1,0,9,66631,0,26,0,1,1,1,0,3,0,0,0,0,0,0,0,3,0,1,3,2,1,0,0,1,0,0,1,0,0,0
478,AAT,11,4,0,67994,0,3,2,1,0,2,0,1,4,2,2,3,5,3,0,0,0,0,0,0,0,1,0,0,0,0,4,3,0,0,0,2,1,0,1,0,0,0,1,0,2,0,1,3,0,0,0,1,2,0,0,0,0,1,0,1,8,0,3,0
479,TGG,0,0,0,0,1,0,0,0,0,0,1,1,1,4,0,4,0,0,0,0,0,0,0,0,0,0,2,1,3,1,2,1,0,0,0,1,0,0,0,0,0,1,0,0,2,1,3,1,0,0,10,0,0,0,0,0,5,0,67822,0,3,3,6,6
480,AGA,21,0,0,0,1,1,1,2,68112,0,4,0,3,0,0,0,0,1,0,0,0,1,2,1,1,1,1,1,1,0,0,3,0,0,0,1,0,0,1,6,12,1,1,0,0,1,1,0,0,0,0,0,0,1,2,0,1,0,0,1,0,0,0,0
481,AGT,0,1,0,17,3,0,2,2,0,1,4,67307,4,2,4,7,2,1,0,2,0,0,0,0,0,0,0,1,0,1,0,0,0,0,1,0,0,1,0,2,2,4,0,4,2,1,2,2,1,0,0,1,1,0,4,2,0,5,0,2,1,1,6,1
482,GAA,12,0,0,0,0,0,0,0,0,0,0,0,0,0,0,0,2,2,0,0,0,0,0,0,0,0,0,0,0,2,2,2,68318,0,2,1,1,0,0,0,2,0,0,0,1,0,0,0,1,0,0,0,0,0,0,0,0,0,0,0,0,0,0,0
483,TTA,0,0,0,0,1,0,0,0,0,2,0,0,7,0,1,0,1,0,0,0,0,0,0,0,0,0,0,0,6,0,4,0,0,0,0,2,0,1,0,1,0,0,0,0,3,2,3,1,0,0,0,0,5,0,0,0,1,0,0,2,66614,2,6,4
484,TAT,1,0,0,1,0,1,2,0,0,2,0,2,0,0,0,3,0,1,0,3,0,0,0,0,0,0,0,0,0,2,4,1,2,1,0,0,4,1,0,1,0,4,2,0,0,0,0,0,4,9,1,68065,0,0,0,0,0,4,2,3,9,2,0,4
485,AAG,23,4,68740,13,3,1,1,2,1,3,9,0,0,1,1,1,3,0,3,0,0,0,1,0,2,1,1,1,1,0,5,1,1,0,24,0,1,0,1,0,1,1,1,1,0,1,1,1,2,1,1,1,1,2,1,0,0,1,0,1,0,2,2,2
486,TAT,0,0,0,1,1,0,0,0,0,0,1,0,0,0,0,0,0,0,0,4,0,0,0,0,0,0,0,0,0,0,0,0,0,0,0,0,0,0,0,0,0,0,0,0,0,0,1,0,0,5,1,68222,0,0,1,0,0,0,0,0,0,0,0,3
487,AAA,68384,1,25,0,0,0,0,0,3,0,2,0,2,0,0,0,1,0,0,0,0,0,0,0,0,0,0,0,0,0,0,0,4,0,0,0,0,1,0,0,0,0,0,0,0,0,0,0,0,0,0,0,0,0,0,0,0,0,0,1,0,0,0,0
488,GTA,0,0,0,0,0,1,1,0,0,0,0,0,17,2,3,0,0,0,0,0,0,0,0,0,0,0,0,2,1,1,1,0,0,0,0,0,1,0,0,0,1,0,0,0,67991,2,1,3,0,0,0,0,1,1,0,0,0,0,0,0,2,0,2,1
489,GTA,1,0,1,0,1,0,0,0,1,0,0,0,19,3,0,1,0,0,0,0,0,0,0,0,0,0,0,0,1,0,1,0,2,0,0,0,6,0,1,0,0,0,0,0,67426,1,8,3,0,0,0,0,0,0,0,0,0,0,0,0,1,0,0,0
490,AAA,68327,1,7,2,1,3,1,1,6,3,3,2,3,0,6,2,5,0,2,2,0,0,0,0,1,0,5,1,2,1,4,1,5,0,2,0,0,3,2,1,1,0,3,1,1,0,0,2,0,1,1,4,0,0,2,2,0,0,2,1,0,1,1,0
491,ATT,0,2,0,3,1,1,0,5,1,0,0,0,6,3,0,67239,1,1,0,0,0,0,0,0,0,0,0,0,1,2,3,1,0,0,0,0,0,0,0,0,0,0,0,0,2,2,4,3,0,1,0,1,0,0,1,0,0,1,0,0,2,0,5,12
492,GAA,10,0,2,0,2,4,1,2,0,3,0,1,0,0,0,1,4,0,1,1,0,0,0,0,0,3,2,3,1,0,0,0,68463,3,19,4,6,3,0,2,14,0,1,0,6,0,2,6,2,0,0,1,1,1,1,0,1,3,1,1,0,1,1,1
493,CCA,0,0,0,0,5,1,0,0,0,0,0,0,0,0,1,0,1,0,0,0,68453,2,2,1,0,0,0,0,2,0,0,0,0,0,0,0,3,2,2,2,0,0,0,1,0,0,0,0,0,0,0,1,9,1,3,0,0,0,0,0,0,0,1,0
494,CTA,0,0,0,0,0,0,1,0,0,0,1,0,10,2,1,5,1,0,1,0,10,0,0,0,0,0,0,0,68032,3,30,4,1,0,0,0,0,0,0,0,0,0,0,0,4,1,1,4,1,0,0,0,0,0,0,0,0,2,0,0,15,0,3,1
495,GGA,1,0,0,0,0,0,1,0,9,1,0,3,0,0,0,0,2,0,2,0,0,0,0,0,0,0,0,1,1,1,0,1,12,0,0,0,8,2,0,0,67666,1,7,3,0,0,0,0,0,0,0,0,3,2,1,2,6,0,0,0,0,0,0,0
496,GTA,0,0,0,0,0,2,1,1,0,0,0,0,43,4,0,2,0,1,0,0,0,0,0,0,0,0,0,0,3,1,2,0,2,1,0,0,3,0,0,0,1,0,0,0,68147,5,50,3,0,1,0,1,0,0,0,0,1,4,0,0,11,1,3,3
497,GCA,0,0,0,0,23,0,0,0,0,0,0,2,0,0,0,0,0,0,0,0,0,0,0,0,0,0,0,0,0,0,0,0,3,0,0,0,67560,1,5,6,0,0,0,0,49,2,0,2,1,0,0,0,0,0,0,0,1,1,0,0,1,0,0,0
498,CCC,0,0,0,0,0,2,0,0,0,0,0,0,0,0,0,0,0,2,0,0,11,67910,4,4,0,0,0,0,0,4,0,0,0,0,0,0,0,0,0,0,1,0,0,0,0,0,0,0,1,1,2,0,0,5,0,0,1,0,1,1,0,1,0,1
499,ACC,0,2,0,0,12,67695,7,31,0,1,0,2,0,9,0,1,0,1,0,0,0,0,0,1,0,0,0,0,0,0,0,0,0,0,0,0,0,5,0,0,2,2,5,0,0,0,0,0,0,0,0,0,1,0,0,6,0,0,0,0,0,0,0,0
500,AGG,3,0,15,0,0,0,2,0,11,3,68334,4,0,0,7,0,3,1,0,0,2,1,1,0,0,3,1,0,1,0,4,0,0,0,0,1,0,1,0,0,1,0,27,0,0,0,4,0,0,0,0,2,3,1,3,1,1,1,3,2,1,1,2,0
501,GCA,0,0,0,0,46,0,0,0,0,3,0,0,0,0,0,0,0,0,0,0,0,0,0,0,0,0,0,0,0,0,0,0,1,0,0,0,68667,1,9,4,1,0,0,0,8,0,0,0,0,1,0,1,9,1,2,2,0,0,0,1,1,0,0,0
502,AAG,6,0,68378,0,0,0,3,0,1,0,10,0,2,0,341,1,0,0,4,1,0,0,0,0,1,0,8,1,1,1,3,3,1,0,10,0,0,1,0,0,0,0,0,0,0,1,2,1,0,0,0,0,0,0,1,0,0,0,1,0,5,0,1,2
503,AGA,10,0,0,0,1,0,0,0,68075,0,7,1,0,0,2,1,0,0,0,0,0,0,0,0,1,0,4,2,0,0,0,0,0,0,1,0,0,0,0,0,4,0,0,0,0,0,0,0,0,0,0,0,0,0,0,0,1,0,0,0,0,0,0,0
504,AGA,7,2,0,1,1,1,0,0,68402,1,11,2,13,1,8,4,1,0,1,3,2,1,0,0,6,2,4,3,1,2,2,1,1,1,2,0,4,0,3,0,11,0,0,0,2,2,4,0,0,2,1,2,1,0,0,0,1,2,3,7,1,1,2,6
505,GTG,0,0,0,2,1,0,3,0,0,0,0,2,1,2,14,0,1,0,0,1,0,1,0,0,0,0,0,0,0,0,0,0,0,0,0,0,0,0,1,0,1,0,3,0,19,3,68413,9,0,0,0,1,1,0,1,5,0,0,2,2,0,0,0,0
506,GTG,0,0,0,0,0,1,0,1,0,0,0,1,2,1,16,0,0,0,1,0,0,0,0,0,0,0,0,0,0,1,1,0,0,0,0,0,0,0,5,0,0,0,1,1,19,5,68497,13,1,0,0,0,0,1,1,0,1,0,1,0,1,1,3,0
507,GGG,0,0,2,2,2,1,1,0,1,4,16,4,0,2,1,0,3,2,1,1,0,1,1,0,2,0,9,2,1,1,4,1,1,4,50,6,0,0,5,3,23,4,68191,3,0,2,11,0,0,3,0,1,3,0,1,3,0,0,14,0,3,1,2,0
508,AGA,8,0,0,0,6,1,0,0,66579,1,16,1,2,0,3,0,0,2,0,0,0,2,1,0,2,3,0,2,1,1,0,0,2,1,0,0,1,2,3,0,12,0,1,1,1,0,4,0,0,1,0,0,0,0,1,1,0,0,1,0,1,1,2,0
509,GAA,21,2,1,0,0,1,3,1,1,0,0,4,3,0,1,2,4,2,0,0,2,6,2,2,0,0,5,2,0,2,1,0,68737,8,6,9,9,0,6,8,11,3,4,4,4,5,1,10,1,1,1,1,2,2,4,2,0,0,1,2,2,1,1,0
510,AAA,68503,9,10,1,3,7,3,2,4,1,3,3,0,8,5,2,1,1,2,2,5,5,8,3,4,8,3,1,2,1,1,0,2,0,1,2,3,3,1,2,0,3,4,2,1,4,3,4,0,0,3,1,1,6,1,8,0,0,0,0,0,0,4,0
511,AGA,7,1,2,2,0,0,0,0,68137,0,8,0,0,1,1,0,0,2,0,2,0,0,0,0,5,2,6,4,0,0,1,0,0,0,2,0,0,0,0,0,160,0,1,0,1,0,0,0,0,3,0,1,2,0,0,0,1,0,0,0,0,0,0,0
512,GCA,0,2,0,2,15,0,2,0,0,1,0,0,1,0,2,0,3,0,7,2,0,0,0,0,0,0,0,0,1,0,1,1,6,2,0,1,68507,0,14,2,8,2,2,0,70,0,1,6,0,0,0,2,1,2,0,0,0,0,4,2,2,1,3,2
513,GTT,0,0,0,2,1,2,1,6,0,3,0,0,0,3,0,15,0,0,0,2,3,6,5,1,0,0,0,0,2,2,1,1,0,0,1,2,4,1,1,14,1,1,3,2,5,18,6,99007,0,1,0,3,2,3,4,0,0,0,8,1,2,2,1,13
514,GGA,3,2,0,1,2,3,2,2,14,1,0,1,0,2,1,0,3,0,3,3,7,5,1,3,1,0,1,0,1,0,2,0,45,3,6,0,6,1,3,2,98745,3,22,1,12,1,4,1,0,1,0,2,0,1,3,1,4,0,3,1,1,2,2,0
515,ATA,0,1,0,0,21,6,0,10,0,1,0,1,99321,1,48,6,0,0,0,0,4,5,4,11,0,0,0,0,3,3,1,2,0,0,0,0,6,2,0,0,1,1,0,0,9,1,3,5,3,11,0,7,4,3,2,10,0,0,3,0,4,8,3,7
516,GGA,1,1,1,1,1,1,0,0,9,0,0,1,0,1,3,0,4,1,0,4,2,0,5,0,0,0,0,0,0,0,0,0,24,1,4,1,5,0,1,1,99287,2,12,0,4,1,2,0,0,2,0,2,2,0,1,0,5,0,0,1,2,0,1,2
517,GCT,0,0,0,0,0,0,0,32,0,2,0,1,0,0,2,0,0,2,0,0,0,0,0,4,0,0,0,0,1,0,0,1,0,0,0,2,0,15,5,99489,0,1,0,0,0,0,0,23,0,0,0,0,0,0,0,3,0,0,0,1,0,0,2,0
518,GTC,0,0,0,0,0,0,3,0,0,2,0,0,1,28,2,1,0,0,0,0,0,0,0,0,0,0,0,0,0,2,0,1,0,0,0,0,4,25,4,0,5,4,1,3,20,99491,7,29,0,2,2,0,0,0,5,2,0,0,0,0,1,5,3,3
519,TTC,0,0,0,0,2,1,4,2,0,0,0,0,3,5,0,1,0,0,0,0,0,0,0,0,0,0,0,0,2,6,0,1,0,0,0,0,1,6,1,4,2,1,1,1,6,4,1,4,0,4,0,2,2,11,0,2,2,0,0,0,3,99552,3,8
520,CTT,0,0,0,1,0,2,0,2,0,0,0,0,0,0,0,17,0,0,0,5,1,0,0,26,0,0,0,1,3,9,1,99380,0,0,0,0,0,0,0,1,1,0,0,0,0,1,0,1,0,1,0,3,1,4,0,7,0,0,0,0,1,0,0,19
521,GGG,0,0,0,0,1,0,0,1,0,1,12,2,0,0,1,0,0,1,1,0,0,0,1,0,0,0,0,0,0,1,0,0,0,0,9,0,1,1,2,0,23,1,99472,6,0,0,4,0,0,0,0,2,1,0,0,0,1,0,9,0,0,0,0,0
522,TTC,0,0,0,0,0,1,0,0,0,0,0,1,0,1,0,0,0,0,0,0,0,0,0,0,0,0,0,0,0,2,0,0,0,0,0,0,0,0,0,1,0,0,0,0,1,1,0,0,1,2,0,0,0,1,2,0,0,3,0,1,2,98756,1,16
523,TTA,0,0,0,0,0,0,0,0,0,0,0,0,4,0,0,1,0,0,0,0,1,0,0,0,0,0,0,0,28,2,0,2,0,0,0,0,0,0,0,0,0,0,0,0,2,1,0,1,0,0,0,0,4,0,0,0,3,1,0,1,99005,3,54,1
524,GGA,1,2,0,2,1,5,1,1,12,1,0,3,0,3,4,0,3,6,2,1,0,0,0,0,2,0,0,0,0,5,1,1,6,0,1,0,2,3,1,3,98914,3,11,3,4,1,3,0,0,1,0,3,1,0,0,6,10,1,0,0,0,1,1,3
525,GCA,0,0,0,0,78,1,2,1,0,2,0,0,0,1,0,0,0,0,0,0,0,0,0,0,0,0,0,0,0,0,1,0,1,0,0,0,99360,3,7,1,0,7,0,0,29,1,1,1,0,0,0,0,7,1,2,5,0,1,0,0,0,3,0,0
526,GCA,0,0,0,0,45,0,2,0,0,1,0,1,0,0,0,0,0,0,0,0,0,0,0,0,0,0,0,0,0,0,0,0,1,0,0,0,99299,8,62,9,1,2,0,0,37,1,0,2,0,0,0,0,2,0,1,0,0,0,0,1,0,0,0,0
527,GGA,0,0,0,0,0,0,0,0,10,2,0,0,2,0,0,0,0,0,0,0,0,0,0,1,0,0,0,0,0,0,0,0,17,0,0,0,9,2,5,5,99402,6,29,7,3,0,0,0,0,0,0,1,3,2,12,3,1,0,0,1,0,2,0,0
528,AGC,0,37,0,0,0,1,0,0,0,99440,0,31,0,2,0,0,0,6,0,0,0,0,0,0,0,2,1,0,0,1,0,0,0,0,0,0,1,1,1,3,0,20,1,0,0,4,0,1,0,0,0,0,0,0,0,0,0,6,2,0,2,0,0,0
529,ACT,0,0,0,2,5,60,8,99531,0,1,0,4,0,0,0,6,0,0,0,0,0,0,0,0,0,0,0,0,0,0,1,0,0,0,0,0,1,0,0,2,0,0,0,0,3,0,0,0,1,0,0,0,0,0,1,0,0,0,0,0,0,0,0,0
530,ATG,1,0,1,0,0,0,0,0,0,0,1,1,8,0,99431,2,0,0,0,0,0,0,0,0,0,0,0,0,0,0,0,0,0,0,0,0,0,0,0,0,0,0,0,0,0,0,12,0,0,0,0,0,0,0,0,0,0,0,1,0,0,0,3,0
531,GGC,0,0,0,0,0,0,0,0,0,16,0,0,0,0,1,0,0,0,0,0,0,0,0,0,0,0,0,0,0,0,0,0,0,10,0,0,0,1,0,0,0,99285,0,38,0,3,0,0,0,0,0,0,0,0,0,0,2,6,0,0,0,0,0,0
532,GCG,0,0,0,0,2,0,32,0,0,0,0,0,0,0,0,0,0,0,0,0,0,0,0,0,0,0,0,0,0,0,0,0,0,0,1,0,64,4,99160,7,1,1,0,1,6,4,46,0,0,0,0,0,1,0,2,0,0,0,0,0,0,0,0,0
533,GCG,0,0,0,0,0,0,27,0,0,0,0,0,0,0,1,0,0,0,0,0,0,0,0,0,0,0,0,0,0,0,0,0,0,0,5,0,76,4,99031,6,0,0,4,0,0,0,42,0,0,0,0,0,0,0,1,0,0,0,0,0,0,0,0,0
534,TCA,0,0,0,0,8,1,12,5,0,1,0,2,0,0,3,1,0,0,0,0,15,0,0,0,0,0,0,0,0,1,0,1,0,0,0,0,13,2,8,5,7,4,1,5,1,0,1,3,1,0,1,0,99350,7,41,6,0,4,0,6,13,0,1,0
535,ATG,0,0,1,0,0,0,6,0,0,0,0,0,27,2,99419,3,0,0,0,0,0,0,0,0,0,0,0,0,1,0,2,1,0,0,0,0,0,0,0,0,0,0,0,0,0,0,15,0,0,3,0,1,0,0,0,0,0,0,2,0,2,2,4,1
536,ACG,0,0,8,0,54,0,99053,4,0,0,0,0,1,0,51,0,0,0,0,0,0,0,2,0,0,0,0,0,0,0,0,0,0,0,0,0,0,0,17,0,0,0,0,0,0,0,0,0,0,0,0,0,0,0,1,0,0,0,0,0,0,0,0,0
537,CTG,0,0,0,0,0,0,0,0,0,0,0,0,0,0,5,0,0,0,1,1,0,0,7,0,0,1,0,0,13,0,99401,2,0,0,0,0,0,0,0,0,0,0,0,0,0,0,1,0,0,0,0,0,0,0,0,0,0,0,0,0,0,0,15,0
538,ACG,0,0,3,0,13,0,99136,3,0,0,1,0,0,0,56,0,0,0,0,0,0,0,0,0,0,0,0,0,0,0,0,0,0,0,0,0,0,0,13,0,0,0,0,0,0,0,1,0,0,0,0,0,0,0,2,0,0,0,0,0,0,0,0,0
539,GTA,0,0,0,0,0,0,0,0,0,0,0,0,48,0,0,0,0,0,0,0,0,0,0,0,0,0,0,0,2,0,0,0,4,0,0,0,20,0,0,0,3,0,1,0,99462,0,8,0,0,0,0,0,0,0,0,0,0,0,0,0,6,1,0,0
540,CAG,0,0,2,0,0,0,0,0,0,0,0,0,0,0,0,0,34,1,99241,4,0,0,1,0,0,0,28,1,0,0,5,0,0,0,0,0,0,0,0,0,0,0,0,0,0,0,0,0,0,0,29,0,0,0,0,0,0,0,0,0,0,0,0,0
541,GCC,0,0,0,0,0,39,0,0,0,0,0,0,0,1,0,0,0,0,0,0,0,0,0,0,0,0,0,0,0,1,0,0,0,1,0,0,0,98775,1,6,0,0,0,0,0,31,0,0,0,0,0,0,0,1,0,0,0,0,0,0,0,0,0,0
542,AGA,6,2,0,1,1,1,0,2,98991,0,3,1,3,1,0,0,0,0,0,0,0,0,0,0,0,0,2,0,0,0,0,0,0,0,2,0,0,0,2,0,7,2,2,5,2,0,3,0,0,0,0,0,0,0,0,0,1,1,0,3,0,0,0,0
543,AAT,6,13,3,99010,1,0,2,2,0,2,3,1,0,0,0,4,0,1,1,2,0,0,0,0,0,1,0,1,1,0,1,1,1,0,0,2,0,0,2,0,2,0,1,0,0,0,0,0,0,2,0,1,0,1,2,0,0,0,0,0,0,2,0,0
544,TTA,0,0,0,0,3,0,0,0,0,2,0,0,8,0,0,0,0,0,0,0,0,0,0,0,0,0,0,0,8,0,0,0,1,0,0,0,0,0,0,0,0,0,0,0,1,0,0,0,2,0,0,0,7,0,0,0,0,0,0,0,98978,0,11,0
545,TTA,0,0,0,0,0,0,0,0,0,0,0,0,3,1,1,0,2,0,0,0,0,0,0,0,0,0,1,0,5,0,0,1,2,0,0,2,1,4,3,0,0,0,0,0,2,0,8,0,1,1,0,1,3,0,0,0,0,1,0,4,99397,1,8,0
546,TCT,1,0,1,0,1,2,0,7,0,0,0,0,0,4,0,0,0,1,0,1,0,1,0,3,0,0,1,1,0,2,2,7,0,0,0,2,0,1,0,1,0,0,0,1,0,1,0,0,1,0,0,2,0,21,5,99170,0,0,2,2,0,3,1,11
547,GGC,0,0,0,0,0,0,0,0,0,8,0,0,0,0,0,0,0,0,0,0,0,0,0,0,0,0,0,0,0,0,0,0,0,59,1,0,4,0,1,0,5,99024,3,50,0,0,1,0,0,0,0,0,0,0,0,0,0,0,0,0,0,0,0,0
548,ATA,1,0,0,1,4,1,0,0,1,0,0,1,98955,3,41,0,1,0,1,0,0,0,0,0,0,0,0,0,1,0,0,0,0,0,0,0,0,0,0,0,1,1,0,0,9,1,2,0,0,2,0,1,1,0,0,0,0,1,3,0,0,2,2,0
549,GTG,0,0,0,0,0,0,1,0,0,0,0,0,0,0,22,0,0,0,1,0,0,0,0,0,0,0,0,0,0,0,0,0,0,0,0,0,0,0,8,0,0,0,0,0,42,0,98774,1,0,0,0,0,0,0,0,0,0,0,0,0,0,0,1,0
550,CAA,3,0,0,0,1,0,1,0,1,2,0,1,0,0,1,0,98816,1,23,4,0,1,0,0,4,0,0,0,1,1,0,0,2,0,0,0,1,1,0,0,0,0,0,0,2,0,0,0,30,1,2,1,1,0,0,0,0,1,3,3,1,0,1,3
551,CAG,0,0,7,1,0,11,1,0,0,2,0,1,0,0,0,0,39,3,99246,5,0,0,0,0,0,0,6,0,1,2,2,0,0,0,1,0,1,0,2,0,1,0,4,0,0,1,0,0,0,0,13,2,0,4,1,0,0,0,10,1,0,1,0,0
552,CAA,3,0,0,2,1,0,0,0,0,0,0,1,0,0,0,0,99264,2,6,2,0,0,0,0,9,0,1,0,0,0,0,2,1,0,0,0,2,0,0,0,0,1,0,0,0,0,1,0,4,0,0,0,1,0,1,1,0,0,1,0,0,0,0,0
553,AGC,0,53,3,0,0,2,1,0,6,99035,1,44,0,16,0,0,1,2,1,0,0,0,0,0,0,4,0,0,0,1,1,0,0,1,0,0,0,1,0,2,0,4,0,0,0,1,0,0,0,0,0,0,0,0,1,0,0,1,0,0,0,0,1,0
554,AAT,2,4,1,99352,1,4,0,1,0,0,0,5,0,1,1,2,0,0,0,0,0,0,0,0,2,0,1,1,0,0,0,0,0,1,0,7,1,1,2,1,0,1,3,2,1,2,1,0,0,2,0,0,2,1,1,0,0,3,1,4,0,2,0,0
555,TTG,0,0,0,0,0,0,1,0,0,0,1,1,0,0,7,0,0,0,0,0,0,0,0,0,0,0,0,0,0,1,4,0,0,0,0,0,0,1,0,0,0,0,0,0,0,0,1,0,0,0,0,0,0,0,1,0,0,1,0,0,19,1,98734,2
556,CTG,0,0,0,0,0,0,0,0,1,0,1,0,0,1,1,1,0,4,4,2,0,1,11,0,3,3,7,0,13,6,98541,11,0,0,0,0,0,0,0,1,0,0,0,0,0,0,3,0,0,3,0,1,0,0,0,0,0,0,0,0,1,7,55,2
557,AGG,2,4,24,3,2,1,2,3,15,2,98024,16,0,0,36,0,0,5,3,1,0,0,0,0,3,2,11,2,0,2,3,2,0,0,0,0,1,4,3,1,3,0,29,0,1,1,1,0,0,0,0,0,2,13,7,1,0,0,2,1,2,0,0,0
558,GCT,0,0,0,0,1,1,1,72,0,0,0,1,0,2,0,0,0,0,0,0,0,0,0,0,0,0,0,0,0,0,0,1,0,0,0,7,4,50,5,99147,1,0,1,0,1,0,1,15,0,0,0,0,0,0,2,5,0,0,0,0,0,0,0,0
559,ATA,1,0,0,0,5,0,0,0,0,0,0,0,99152,3,72,5,0,0,0,0,0,0,0,0,0,0,0,1,6,2,0,1,0,0,0,0,0,0,0,0,0,0,0,0,13,0,7,0,0,0,1,0,0,0,0,0,0,0,0,0,1,0,3,1
560,GAG,0,1,4,0,0,0,1,1,1,0,1,0,0,0,1,0,1,0,1,0,0,0,0,0,3,0,1,4,0,0,5,1,16,0,98445,3,0,1,2,0,1,0,16,0,0,0,15,0,0,0,3,0,1,0,5,0,0,0,2,2,2,0,1,0
561,GCT,1,0,0,0,1,0,1,51,0,0,0,4,0,0,6,1,0,2,0,0,0,0,0,1,0,1,0,0,4,0,0,0,0,0,0,0,3,12,1,97650,0,0,1,2,3,0,2,14,0,2,0,2,0,1,2,14,0,0,2,0,6,4,1,0
562,CAA,0,0,0,2,0,0,0,0,0,0,0,0,0,0,0,0,99121,2,14,1,0,0,0,0,11,0,2,0,0,0,1,0,0,0,0,0,0,0,0,0,0,0,0,0,0,0,0,0,4,0,0,0,0,0,0,0,1,0,0,0,0,0,0,0
563,CAA,0,2,0,0,1,1,1,2,0,0,0,2,0,0,0,0,99123,1,6,7,0,0,0,0,3,0,0,0,3,2,2,2,0,0,0,0,0,0,0,0,0,1,0,0,0,0,0,0,11,1,0,1,1,0,0,2,0,0,0,0,1,0,1,1
564,CAT,1,4,0,21,1,0,2,0,2,3,0,5,0,0,2,6,6,13,3,98420,0,2,0,0,5,2,2,4,1,2,0,3,2,0,2,3,0,0,0,2,0,0,2,1,2,0,3,5,0,0,0,33,4,1,0,1,0,0,0,0,0,0,1,1
565,CTG,0,0,1,0,2,0,17,0,0,0,0,1,0,0,9,0,0,0,27,0,0,0,13,1,0,0,4,0,13,2,99476,2,0,0,0,0,1,2,9,0,0,0,1,0,3,1,20,1,0,0,1,1,2,2,1,0,1,0,2,0,3,1,29,1
566,TTG,0,0,0,0,0,0,0,1,0,0,1,0,0,0,2,0,0,0,0,0,0,0,0,0,0,0,0,0,0,0,4,0,0,0,0,0,0,0,0,0,0,0,0,0,0,0,0,0,0,0,0,0,0,0,23,0,0,0,2,0,9,0,99625,2
567,AAA,99641,0,4,3,2,3,2,0,8,1,6,2,2,0,0,0,2,0,0,0,0,0,0,0,0,0,2,0,0,0,0,0,6,0,0,0,2,0,0,0,5,2,1,2,0,0,0,0,4,0,0,0,3,0,1,2,0,0,0,0,0,0,0,0
568,CTC,0,0,0,1,0,1,2,1,0,4,0,1,0,13,0,0,0,8,0,1,0,13,0,0,0,4,0,0,3,99522,3,5,0,0,0,0,1,8,0,5,0,0,1,0,0,5,0,0,0,1,0,1,2,2,0,6,0,0,1,0,2,14,0,0
569,ACG,0,1,2,2,41,9,98108,34,0,3,0,8,1,0,73,0,0,16,0,2,0,0,0,0,0,0,1,1,0,0,0,0,0,0,1,0,1,0,25,0,1,1,9,5,0,0,0,0,0,0,1,1,4,3,4,3,0,1,0,3,0,1,0,0
570,GTC,0,0,0,0,0,5,0,1,0,0,0,0,1,24,3,0,0,1,0,1,0,0,0,0,0,0,0,0,5,3,7,1,0,0,0,0,2,15,0,8,0,1,1,14,8,95817,0,10,0,3,0,1,4,3,0,2,0,0,1,1,1,5,0,0
571,TGG,0,0,0,0,0,0,0,0,0,0,2,0,0,0,0,0,0,0,0,0,0,0,0,0,0,0,29,0,0,0,15,0,0,0,0,0,0,0,0,0,0,0,1,0,0,0,0,0,0,0,11,0,0,0,1,0,17,0,97011,10,0,0,2,0
572,GGC,0,0,0,0,0,0,0,0,0,17,0,0,0,0,0,0,0,0,0,0,0,0,0,0,0,0,0,0,0,0,0,0,0,56,0,0,1,0,0,0,12,97176,2,37,0,1,0,0,0,0,0,0,0,0,0,0,0,2,0,0,0,0,0,0
573,ATT,0,0,0,3,5,7,2,44,0,0,0,6,5,28,1,98973,1,2,0,0,0,0,0,2,0,0,0,0,2,1,3,5,6,0,2,1,6,0,9,5,0,2,0,0,4,4,0,10,0,2,0,0,0,1,0,0,0,1,0,0,1,0,0,0
574,AAA,98641,4,8,3,0,2,1,4,9,2,1,3,0,0,0,0,0,5,0,2,0,0,0,0,3,1,1,2,0,0,0,0,7,0,1,0,1,0,0,3,0,0,0,0,0,0,0,0,0,0,0,1,1,1,1,0,1,0,0,0,0,0,0,0
575,CAG,0,0,8,1,5,5,2,6,2,0,4,8,0,0,0,2,56,4,98797,10,1,0,2,0,1,1,15,1,0,0,2,0,3,2,11,0,4,0,5,3,3,2,8,5,3,2,11,6,1,4,20,3,5,4,8,4,0,0,10,1,0,1,0,3
576,CTC,0,0,0,0,2,3,0,1,0,0,0,0,0,3,1,0,0,0,1,0,0,5,0,0,0,0,0,0,8,94560,0,12,0,0,0,0,1,1,1,1,0,0,0,0,0,1,0,0,0,0,0,0,2,1,0,0,0,1,0,0,0,10,0,0
577,CAG,1,0,2,0,1,1,7,1,1,1,0,1,0,0,0,1,20,6,98481,17,0,0,3,0,1,0,69,3,0,3,1,2,0,2,5,0,2,1,0,1,0,0,2,0,0,0,2,0,0,1,9,0,3,3,1,0,0,1,3,2,0,0,0,0
578,GCA,1,0,0,0,41,0,1,1,0,0,0,1,0,0,1,0,0,0,0,0,0,0,0,1,2,0,0,0,1,0,1,0,1,0,0,0,98280,5,5,2,0,1,0,0,13,0,0,2,1,0,1,0,6,4,2,0,2,0,0,1,0,0,0,0
579,AGG,0,0,17,0,0,0,0,0,26,1,98330,0,0,0,23,0,1,0,0,0,0,0,0,0,0,1,18,3,0,0,0,0,0,0,0,0,0,2,3,0,0,0,9,0,0,0,0,0,0,0,1,0,0,0,0,0,1,0,2,0,0,0,0,0
580,GTC,0,1,0,0,0,2,1,0,0,0,0,0,2,67,0,0,0,1,2,0,0,0,0,0,0,0,0,1,0,7,0,2,0,7,0,0,0,9,0,0,0,0,0,0,3,93627,1,4,0,0,0,1,0,0,1,0,0,0,2,0,0,11,0,0
581,CTG,2,3,2,0,1,0,4,6,0,3,1,0,0,1,2,4,0,3,8,7,0,0,17,0,3,1,10,13,21,3,97991,8,0,2,1,2,0,0,2,0,0,0,2,0,4,4,13,4,0,2,0,0,2,1,0,1,0,3,1,3,2,0,13,0
582,GCT,0,0,0,0,0,3,0,59,0,0,0,3,0,0,0,1,3,0,1,0,0,1,2,2,0,0,0,0,0,4,0,2,1,0,0,3,2,12,5,98057,0,3,0,1,0,0,0,43,0,0,0,0,1,3,1,14,0,3,0,1,1,0,1,3
583,GTG,0,0,0,0,0,2,2,1,0,1,0,0,1,1,27,0,3,2,0,1,0,0,0,0,0,0,0,0,0,3,4,1,2,0,0,0,5,2,51,6,0,1,1,0,30,3,98572,7,0,0,0,1,0,0,0,2,0,1,0,3,0,0,1,0
584,GAA,11,0,0,0,0,1,0,0,0,0,1,0,1,0,0,0,3,0,0,0,0,0,0,0,1,0,0,0,0,0,0,1,99361,2,10,0,0,0,0,0,4,0,0,0,0,2,1,0,4,0,0,0,0,0,0,0,0,1,0,0,0,0,0,0
585,AGA,9,2,1,3,2,0,0,1,98709,1,8,5,5,0,2,0,0,1,3,1,0,0,1,0,10,0,1,1,1,0,0,0,1,0,1,1,2,0,1,1,13,1,1,4,1,0,0,0,0,2,0,5,1,0,1,0,2,0,5,4,1,0,7,1
586,TAC,0,9,0,0,1,1,1,2,0,0,0,3,0,0,0,0,0,3,0,2,0,0,0,0,0,0,0,1,0,0,0,0,0,0,0,1,2,3,2,0,1,1,0,0,0,1,0,0,1,97735,1,15,0,0,0,0,0,6,0,2,1,0,2,2
587,CTA,0,1,0,1,2,1,0,1,0,0,0,0,2,0,0,0,3,0,0,0,13,0,0,0,0,0,0,0,98726,2,10,2,0,0,0,0,1,2,0,1,0,0,0,0,0,0,0,1,0,0,0,0,2,2,2,3,0,0,0,0,5,0,4,0
588,AGG,0,0,23,0,1,0,0,1,17,1,98392,5,2,1,16,0,0,0,1,1,0,0,0,0,1,1,6,4,2,0,1,1,0,0,0,0,0,0,0,0,0,0,22,0,0,0,0,1,0,1,0,0,0,0,0,0,0,0,4,1,0,0,6,1
589,GAT,0,0,1,28,3,2,2,2,0,0,0,0,2,0,2,2,2,3,3,9,0,0,0,0,0,0,0,0,0,0,1,3,3,12,0,98485,1,0,2,1,2,3,5,5,2,1,5,2,0,1,1,5,2,1,1,4,1,1,15,3,2,0,3,3
590,CAA,17,0,1,1,3,2,6,1,6,0,2,0,3,2,1,2,99040,6,15,4,0,0,0,0,35,0,4,2,1,1,0,0,4,1,5,2,1,0,0,2,1,1,0,1,7,5,5,2,8,3,0,1,1,0,2,1,0,0,0,1,4,1,1,2
591,CAG,1,0,2,1,0,0,1,0,0,0,1,1,0,0,1,0,22,2,98734,4,0,1,0,0,3,0,25,0,1,2,0,1,0,0,1,1,2,0,1,0,0,1,0,0,0,0,1,0,0,0,13,0,0,0,1,0,0,1,3,3,1,0,3,0
592,CTT,0,0,1,0,0,0,0,1,0,0,0,0,0,1,0,2,1,3,1,1,2,0,0,3,2,4,2,2,8,16,5,96282,0,0,0,0,0,0,0,0,0,0,0,0,0,2,0,1,0,0,0,0,2,0,0,1,0,3,1,3,0,7,5,18
593,CTA,0,0,0,0,1,0,0,1,1,0,1,2,11,2,1,5,1,0,0,0,16,0,0,0,1,3,1,2,97116,11,21,9,0,0,0,0,0,0,0,1,1,0,1,0,0,0,0,0,0,0,0,0,1,0,0,1,2,0,0,0,19,1,5,0
594,GGA,5,5,11,5,10,5,1,9,43,7,13,6,2,3,8,2,7,12,8,11,0,0,0,0,8,9,7,4,3,2,0,4,6,0,8,3,11,7,14,9,98397,10,14,9,13,7,8,5,0,10,0,16,10,9,10,7,6,1,15,0,0,3,2,5
595,ATT,0,1,0,2,1,1,1,12,0,0,0,2,13,7,5,98342,0,0,1,0,0,0,0,0,0,0,0,3,5,0,4,9,0,0,0,2,0,0,1,1,0,1,1,2,2,1,2,3,0,1,2,0,0,0,1,0,0,0,0,4,3,2,14,0
596,TGG,0,0,0,1,0,0,0,0,0,0,1,0,4,0,1,4,0,0,0,0,0,0,0,0,0,0,20,0,2,0,0,0,0,0,0,0,0,0,1,0,0,0,4,0,2,2,3,5,0,0,15,0,0,0,0,0,29,1,99116,11,0,5,3,8
597,GGC,0,0,0,0,0,0,0,0,0,6,0,0,0,0,0,0,0,0,0,0,0,1,0,0,0,0,0,0,0,0,0,0,0,33,0,0,0,0,0,0,16,98807,14,38,0,0,0,0,0,0,0,0,0,0,0,0,0,3,0,0,0,0,0,0
598,TGC,0,0,0,0,0,0,0,0,0,0,0,0,0,0,0,0,0,1,0,0,0,0,0,0,0,4,0,1,0,0,0,0,0,0,0,0,1,0,0,0,1,1,0,0,0,0,0,0,0,69,0,0,0,0,0,0,2,99214,1,39,0,3,0,0
599,TCT,1,3,0,0,2,1,4,2,0,2,4,1,5,2,2,2,0,1,2,5,0,2,0,12,1,1,1,0,5,6,2,1,0,0,1,0,2,1,1,1,3,3,1,1,3,5,3,3,0,3,0,7,6,77,7,98770,0,6,7,5,5,6,4,14
600,GGA,3,2,1,4,3,2,5,4,19,2,6,5,1,1,5,1,6,2,3,5,1,0,0,2,10,4,8,8,3,0,1,0,30,1,0,2,11,3,8,5,98291,5,20,8,2,3,7,0,0,3,1,0,6,4,8,6,1,1,5,0,4,3,4,0
601,AAA,98824,1,7,1,3,0,0,4,5,1,8,1,0,0,3,3,1,3,0,5,0,0,0,0,1,1,1,2,0,0,2,0,1,1,0,0,0,1,2,0,0,0,1,0,1,0,0,0,2,0,0,4,1,0,1,3,0,0,0,0,2,1,0,3
602,CTC,0,0,1,0,0,0,1,1,0,0,0,2,1,6,3,6,0,3,1,0,0,15,0,0,0,0,0,0,10,94789,3,11,1,0,0,0,0,0,0,0,0,0,1,0,0,1,1,0,0,3,1,0,0,1,0,1,1,2,3,1,5,15,3,3
603,ATC,0,0,0,0,2,6,0,0,0,0,4,1,12,96130,2,15,0,0,0,0,0,0,0,0,1,0,0,1,0,0,0,1,0,1,0,0,0,0,0,1,0,0,0,2,0,6,1,1,0,0,0,0,0,0,0,1,0,0,2,0,2,2,2,0
604,TGC,0,0,0,0,0,0,0,0,0,3,0,0,0,1,0,0,0,0,0,0,0,0,0,0,0,16,0,0,0,0,2,0,0,0,0,0,0,1,0,0,0,0,0,0,0,0,0,0,1,48,1,0,1,2,0,0,2,98393,1,57,0,4,0,0
605,ACC,1,4,0,1,3,98602,9,27,0,2,0,1,1,25,1,3,0,1,0,0,1,2,3,1,0,0,0,0,1,1,3,8,1,0,0,0,3,6,1,2,2,2,0,2,0,7,2,5,0,0,0,0,0,9,1,6,0,2,1,3,0,3,2,2
606,ACT,0,0,0,3,4,45,2,98645,0,3,0,5,1,0,1,5,0,0,0,0,0,0,0,2,0,0,0,0,0,0,0,0,1,0,0,0,1,0,0,1,3,0,0,0,0,0,0,0,0,0,0,0,0,0,2,9,0,0,0,0,0,0,0,0
607,AAT,18,8,1,98384,1,1,0,2,0,2,1,5,1,0,0,5,0,0,0,3,0,0,0,0,0,0,0,0,1,2,0,0,0,2,0,6,0,0,0,2,1,2,2,1,1,3,1,1,0,0,0,3,7,0,0,2,0,1,0,5,0,0,1,2
608,GTG,0,0,0,0,0,0,1,0,0,0,0,0,0,3,15,0,0,0,0,0,0,1,0,0,0,0,1,0,1,0,1,1,0,0,0,0,0,0,0,0,0,0,0,0,32,2,99164,6,0,0,3,0,0,1,0,0,0,0,0,0,0,0,8,1
609,CCC,4,1,1,2,0,5,0,0,3,0,5,4,2,3,1,7,3,13,0,4,23,121712,1,16,1,4,2,3,4,8,1,0,1,0,0,0,3,10,2,2,0,2,3,1,1,0,0,2,0,9,0,5,1,45,3,2,2,1,0,3,4,1,0,4
610,TGG,0,0,0,0,0,0,0,0,0,0,6,0,0,0,0,0,0,0,0,0,0,0,0,0,0,0,78,0,0,1,0,0,0,0,0,0,0,0,0,0,0,0,8,0,0,0,1,0,0,0,15,0,0,0,0,0,12,0,121950,0,0,0,2,0
611,AAC,15,122019,6,36,3,0,1,0,5,5,18,2,1,0,10,1,3,3,5,2,0,0,0,1,0,5,3,6,3,1,5,5,3,9,7,1,4,4,4,9,1,1,1,0,3,4,3,7,0,4,0,1,6,3,4,2,0,0,2,4,3,0,5,1
612,TCT,1,3,1,2,4,4,3,6,4,1,2,10,4,0,2,2,0,7,3,4,4,4,0,20,3,2,1,4,2,1,0,2,1,2,0,1,1,0,0,2,1,4,3,3,2,3,0,0,1,2,1,13,15,23,1,122083,0,0,2,6,4,1,2,19
613,AGT,11,12,9,26,4,2,7,11,19,10,10,121502,12,6,21,29,10,7,5,12,0,0,0,0,5,8,8,11,8,4,9,15,11,5,7,8,13,7,8,9,9,4,20,66,5,13,12,24,0,3,0,12,3,0,5,8,0,19,5,18,8,7,17,10
614,TGG,0,0,0,0,0,0,0,0,0,0,1,1,1,0,1,1,0,1,0,0,0,0,0,0,0,0,4,0,0,0,0,0,0,0,0,0,0,0,0,0,1,0,0,1,0,0,1,2,0,0,12,0,0,0,0,0,14,0,122337,5,0,0,3,0
615,AGT,0,1,0,64,4,7,1,5,3,14,0,121845,4,0,1,9,0,0,2,0,0,0,0,0,0,0,0,0,0,0,1,2,0,1,0,1,2,3,1,1,3,1,0,48,6,5,1,1,0,1,1,0,2,1,3,8,0,4,2,8,1,2,1,4
616,AAT,9,6,7,122073,2,6,2,6,6,4,13,8,9,3,3,8,8,4,1,3,3,4,3,2,3,2,1,6,1,1,4,4,2,0,2,3,2,2,0,2,6,6,10,6,7,4,4,6,0,0,0,7,2,3,0,4,0,0,3,9,4,4,3,3
617,AGA,38,0,9,0,5,0,2,3,121888,1,15,6,6,2,0,1,0,0,0,6,0,0,0,0,8,2,0,0,4,1,1,1,0,0,0,0,0,4,1,1,50,0,0,0,4,0,1,5,1,1,0,0,4,0,0,1,4,1,1,3,5,0,3,3
618,AAC,42,121213,10,34,12,8,1,9,5,13,6,5,4,8,3,10,8,4,5,6,7,1,5,12,8,6,3,6,6,3,4,4,2,7,2,5,12,4,3,4,3,7,7,4,14,3,3,5,0,9,0,2,6,20,4,3,0,5,0,5,10,1,10,5
619,CTG,0,1,1,0,0,2,1,3,0,4,1,3,6,4,22,6,3,2,6,1,2,5,65,2,1,3,2,1,28,2,121630,9,0,0,5,1,1,3,7,5,1,0,1,1,2,0,12,2,0,6,0,1,5,0,6,2,0,6,3,4,3,2,13,2
620,AGT,3,1,7,37,3,4,1,4,12,11,18,121806,6,6,5,13,5,6,11,5,0,4,7,2,8,9,3,10,2,5,3,3,2,6,5,8,4,4,1,7,5,1,7,36,5,11,6,4,1,2,1,11,5,0,0,6,3,10,5,8,6,4,3,16
621,GAG,3,1,51,8,11,9,0,2,4,5,3,11,1,6,6,8,3,7,11,3,0,0,1,0,0,6,6,4,2,4,10,5,45,8,121839,13,3,10,16,3,5,5,48,6,7,4,9,0,0,8,3,5,0,2,9,4,0,7,4,7,7,2,12,8
622,ATA,5,0,0,0,7,0,0,0,2,0,0,0,122008,4,19,12,0,0,1,1,0,0,0,0,0,0,0,0,4,7,1,0,0,1,0,0,0,0,0,0,0,0,0,0,26,0,0,8,0,0,1,1,1,0,0,3,0,0,0,0,6,0,1,0
623,TGG,0,0,1,0,0,0,0,1,0,0,10,0,0,0,1,0,0,0,1,0,0,0,0,0,0,0,6,0,0,0,0,0,0,0,0,0,1,0,3,0,0,0,0,0,0,0,0,0,0,3,33,2,0,0,0,0,14,2,122296,6,0,2,9,1
624,GAC,7,55,7,10,13,11,7,16,5,14,11,17,3,5,9,3,11,23,11,5,0,1,1,0,5,9,1,7,4,1,3,9,17,121673,5,29,7,8,4,10,19,21,16,8,4,5,3,7,0,28,0,7,6,12,4,3,1,9,12,3,9,12,6,11
625,AAC,36,121914,13,35,17,12,8,5,7,31,8,6,7,22,8,13,2,22,3,2,0,0,0,0,11,17,3,5,10,12,12,10,4,8,2,3,6,4,6,10,3,4,10,5,6,11,7,10,0,13,0,10,5,3,5,4,0,3,16,9,16,5,8,15
626,ATG,1,0,8,1,4,8,20,7,8,1,4,1,35,10,122140,23,2,1,0,1,0,0,0,0,2,5,7,5,3,6,5,5,0,0,1,0,1,0,1,2,0,0,0,0,4,4,37,5,0,3,0,6,0,4,5,2,1,3,0,11,6,13,1,12
627,ACC,0,7,0,0,25,121991,10,23,1,16,0,9,0,10,1,1,0,0,0,0,0,0,1,0,0,0,1,0,0,0,0,0,0,0,0,0,2,11,0,0,0,0,0,0,0,0,0,2,0,0,0,0,10,7,4,10,0,0,0,0,0,0,0,0
628,TGG,0,1,2,2,0,2,0,0,0,0,2,3,0,0,1,2,0,0,2,0,0,0,0,0,0,0,6,0,0,0,0,0,0,0,0,0,0,2,0,0,0,0,1,0,0,0,0,2,1,0,13,2,0,0,1,0,38,0,121864,5,0,0,1,0
629,CTG,3,5,2,0,0,5,3,3,4,4,2,8,2,1,52,2,4,1,11,1,3,10,25,2,11,5,17,7,131,7,121611,11,0,0,0,0,4,4,10,2,5,8,7,8,0,3,0,8,0,1,1,3,6,4,4,8,0,1,7,3,3,1,62,4
630,CAA,23,6,5,3,0,10,4,5,9,9,4,5,6,0,6,3,121759,4,16,8,1,0,0,0,20,1,2,3,9,0,3,3,2,2,6,6,2,2,0,8,3,7,5,4,3,0,5,1,37,2,1,1,1,7,8,7,0,2,1,0,6,0,0,0
631,TGG,0,0,0,0,0,0,0,0,0,0,0,0,0,0,0,0,0,0,0,0,0,1,0,0,0,0,3,0,0,0,0,0,0,1,0,0,0,0,0,0,0,0,2,0,0,0,0,0,0,0,14,0,0,0,1,0,15,0,122039,4,0,1,11,1
632,GAT,2,8,1,56,6,7,6,2,1,2,0,3,1,0,3,0,4,4,1,12,0,0,0,0,1,0,0,0,0,0,1,2,2,6,1,120735,5,9,13,8,16,16,17,24,0,4,5,10,0,6,0,17,3,9,4,5,2,0,1,1,1,1,1,6
633,AAA,121618,15,24,18,10,2,7,8,22,4,8,5,4,4,4,0,5,10,3,3,1,0,1,0,9,2,2,1,2,9,4,0,27,3,9,4,0,4,2,1,6,5,11,2,8,8,7,4,0,3,0,6,10,6,16,7,1,2,7,0,9,4,12,4
634,GAA,21,1,4,3,3,2,8,6,0,10,4,10,16,9,7,8,8,7,9,12,1,0,1,0,2,0,4,2,1,2,8,4,121905,10,2,9,3,3,3,5,3,0,0,1,18,8,18,26,3,4,1,4,9,2,8,5,0,5,8,14,10,12,11,3
635,ATT,0,2,0,4,1,4,0,9,0,0,0,0,8,11,1,122197,0,2,0,0,0,0,0,0,0,0,0,0,2,9,3,4,1,0,0,0,1,0,0,0,0,0,0,0,1,4,1,4,0,0,0,0,0,1,0,0,1,0,0,0,3,0,11,0
636,AGC,1,49,1,4,1,12,9,1,17,121643,7,75,5,23,5,7,0,3,3,2,0,0,0,0,3,2,8,5,7,10,2,5,0,9,4,2,7,3,6,4,13,64,10,15,4,6,3,4,1,2,0,5,2,3,5,6,0,5,10,10,6,2,5,12
637,AAT,27,12,7,122148,1,2,3,2,1,5,3,12,5,1,3,7,7,4,3,1,0,1,0,0,0,1,7,2,0,8,1,1,9,2,2,2,6,2,4,7,5,4,8,6,1,2,7,10,0,0,0,5,4,0,2,4,0,2,5,5,6,2,6,6
638,TAC,9,12,12,18,5,2,2,0,5,5,11,7,7,1,7,1,17,9,3,13,0,0,0,0,7,6,9,10,4,1,5,0,1,1,0,0,8,5,3,0,0,0,0,0,1,10,3,6,3,121929,1,62,7,11,7,6,0,12,5,4,6,7,0,11
639,ACA,32,2,4,3,121935,4,17,4,6,3,7,1,29,7,2,2,2,2,2,8,0,0,0,0,4,9,7,8,4,2,2,3,1,0,3,1,20,1,7,8,0,0,2,0,8,2,2,7,0,0,0,5,6,1,2,1,0,3,2,4,3,1,5,3
640,CAG,3,1,12,6,0,2,3,7,0,3,0,6,1,0,3,0,30,3,121850,24,1,2,0,3,0,0,17,1,6,0,12,1,1,3,8,3,3,4,5,4,5,6,8,8,4,5,1,1,0,3,12,6,0,0,0,1,0,3,7,1,2,2,5,5
641,ATA,12,4,2,5,14,1,2,2,0,3,5,11,121437,5,22,8,3,5,0,4,0,0,0,0,3,2,2,0,6,1,3,7,7,0,4,1,2,2,3,7,3,1,8,7,15,3,6,6,2,0,0,2,8,1,1,21,0,2,6,2,10,2,1,3
642,ATA,5,2,0,0,4,0,0,0,1,1,0,1,122067,5,11,2,0,1,0,0,0,0,0,0,0,0,0,0,0,0,0,0,0,0,1,0,0,0,0,0,0,0,0,0,6,0,1,0,0,0,0,0,1,0,0,0,0,0,0,1,2,0,0,0
643,TAT,0,0,0,3,0,0,0,0,3,0,1,1,0,0,2,0,0,5,1,12,0,0,0,2,2,0,0,7,1,1,1,1,0,0,1,0,0,2,0,0,1,3,0,0,0,1,0,0,3,8,1,121902,0,0,0,2,0,0,3,14,1,2,0,10
644,GGG,0,2,2,0,1,0,3,0,1,1,33,2,0,1,7,2,1,1,6,2,0,0,2,2,5,0,11,3,3,1,4,6,2,3,37,3,3,3,3,3,65,9,121380,12,4,2,18,4,0,5,0,7,3,1,4,2,2,1,37,1,3,2,5,9
645,CTA,2,2,1,1,1,1,0,0,3,4,6,3,21,1,12,1,11,0,6,3,4,0,1,0,5,5,7,2,121583,1,14,10,1,0,0,0,3,6,3,6,0,0,1,0,5,2,3,3,0,6,0,5,4,0,2,0,1,1,0,1,31,3,10,6
646,CTT,0,0,0,0,0,0,0,0,0,0,0,1,8,3,14,19,0,0,0,3,0,5,0,17,0,0,0,3,12,32,8,121969,1,0,1,0,0,0,0,0,0,1,0,0,2,1,1,10,2,0,0,0,0,0,0,0,0,0,1,0,4,0,4,25
647,GAA,8,0,0,0,0,1,0,4,0,1,0,2,1,0,4,0,5,0,1,0,0,1,0,0,4,1,2,0,0,0,1,0,121878,6,52,18,3,5,2,0,51,7,8,3,1,0,0,0,1,3,0,3,3,3,4,0,0,0,4,0,3,8,3,10
648,GAA,34,3,2,3,3,3,2,1,2,1,3,3,8,7,8,4,1,1,2,4,0,0,0,1,4,4,3,1,3,3,6,5,122015,4,12,6,9,2,1,1,3,12,0,0,3,3,9,6,2,11,0,8,4,4,1,3,0,9,8,8,5,10,11,4
649,TCG,13,2,7,2,3,2,3,4,1,7,4,5,0,0,10,0,1,6,10,8,0,0,6,0,10,8,15,8,0,1,2,2,7,7,13,5,13,6,9,4,4,0,2,1,4,1,4,2,2,3,4,12,158,8,121338,11,0,1,5,5,3,17,41,10
650,CAG,0,0,3,0,0,0,0,0,0,1,2,0,0,0,5,0,39,0,120997,3,1,0,1,0,1,2,83,3,0,0,8,0,3,0,2,0,1,0,0,1,0,0,0,0,1,0,0,0,0,4,29,11,0,0,1,0,1,0,0,2,0,3,4,15
651,AAC,3,121991,0,27,0,3,0,1,0,2,0,0,0,0,1,0,0,1,3,0,0,0,0,0,0,0,0,0,2,0,0,1,2,0,0,0,0,0,1,1,3,0,2,2,0,4,2,0,0,0,0,0,0,0,0,0,0,0,2,0,2,1,1,0
652,CAG,1,3,10,0,2,2,6,1,3,2,1,0,0,0,0,3,70,5,121716,5,0,1,0,0,0,1,20,0,0,3,7,0,2,0,7,3,2,0,2,0,1,0,1,3,6,0,1,0,0,1,12,7,0,0,7,0,0,2,4,10,2,3,4,4
653,CAG,0,2,5,3,0,0,0,0,0,0,0,0,5,2,1,7,26,3,121805,2,1,0,0,0,0,0,32,0,0,1,5,1,1,0,2,0,0,1,2,0,0,0,2,1,1,0,1,3,0,0,100,0,0,1,2,0,0,0,1,0,1,0,1,0
654,GAA,16,2,0,0,0,1,0,0,0,1,1,1,0,0,0,0,0,0,0,0,0,0,0,0,0,0,0,0,0,0,0,0,121655,2,14,4,1,1,4,1,2,1,0,0,4,0,2,2,2,0,2,0,0,3,0,2,1,1,0,0,0,0,0,0
655,AAG,29,1,121941,9,0,0,2,0,8,0,86,0,4,2,18,4,2,1,3,2,0,0,0,0,1,1,5,3,2,5,8,2,2,0,3,0,0,1,3,1,0,0,0,0,11,3,2,3,0,0,0,0,1,1,0,5,0,0,1,0,4,0,4,0
656,AAT,3,11,2,121610,3,1,4,5,8,7,6,18,3,1,4,1,3,6,5,1,0,0,0,2,2,4,3,3,0,2,3,4,1,14,9,25,11,7,12,12,1,4,1,3,2,4,6,5,0,2,0,4,3,4,7,2,0,5,3,4,5,0,4,1
657,GAA,42,5,2,3,0,0,0,1,1,0,0,2,3,4,11,2,2,0,6,2,0,0,0,0,1,0,0,0,8,5,6,10,121882,1,18,2,1,1,1,0,6,0,0,1,3,8,5,9,2,4,0,16,3,0,0,0,1,0,4,0,15,10,18,19
658,CAA,10,1,4,1,0,0,0,1,1,0,1,1,1,0,8,0,121638,5,20,4,0,0,0,0,8,1,2,3,19,5,14,7,6,0,0,1,0,0,0,3,0,0,0,1,1,0,10,2,15,3,1,2,2,0,1,0,0,1,8,3,10,6,8,5
659,GAC,2,22,0,2,4,1,1,2,0,0,0,1,0,1,6,1,5,0,2,1,0,0,0,0,1,1,1,4,2,1,1,4,31,121282,4,30,1,2,1,1,0,4,0,0,15,5,15,7,0,5,0,2,0,2,1,2,0,1,0,3,1,0,0,0
660,TTA,3,0,0,0,1,0,2,0,0,0,0,0,9,2,2,0,1,0,0,0,0,0,0,0,0,0,0,2,12,7,0,1,0,0,0,0,0,1,0,0,0,0,0,0,0,2,1,0,3,0,1,3,5,0,0,0,0,0,0,0,122459,0,11,0
661,TTG,0,0,0,0,0,0,0,0,0,0,0,0,0,1,9,4,0,0,0,0,0,0,0,0,1,0,0,0,3,5,1,5,0,0,0,2,0,0,0,0,0,0,1,1,0,0,0,0,0,1,0,0,0,0,2,0,0,0,3,1,26,1,122390,14
662,GCA,2,0,2,1,66,0,0,1,0,1,0,4,0,0,0,0,0,0,0,0,0,0,0,0,4,0,0,0,0,0,0,0,15,0,2,0,122251,5,4,4,1,0,0,1,57,0,0,0,0,0,0,2,15,0,3,3,0,2,0,0,0,0,0,0
663,TTG,2,2,1,0,0,0,0,0,0,2,0,0,1,1,10,0,0,0,1,0,0,0,2,0,2,0,0,0,4,0,14,0,2,0,0,2,1,3,0,0,0,1,1,1,0,0,0,0,0,2,2,5,1,0,7,4,1,0,11,1,31,7,122340,31
664,GAT,0,2,2,39,5,3,9,4,0,13,3,12,0,0,1,0,3,3,12,12,0,0,1,0,3,0,3,1,0,0,0,1,14,12,11,120949,5,3,9,11,16,17,18,34,0,2,1,1,0,1,0,12,6,7,8,6,0,0,7,0,0,1,0,0
665,AAG,22,1,121501,8,7,2,5,8,4,7,46,7,0,0,10,3,7,6,6,3,0,0,0,0,3,3,8,7,2,1,2,6,3,0,28,1,3,1,4,0,0,2,2,3,2,1,0,0,3,0,0,1,3,2,4,6,0,0,0,2,0,1,3,0
666,TGG,0,0,0,0,0,0,0,0,0,1,2,0,1,0,2,1,0,0,0,0,1,0,0,0,1,0,1,0,0,1,0,0,0,0,0,0,3,0,0,0,0,0,2,2,1,0,1,0,0,0,15,0,0,0,2,0,18,0,120179,0,1,2,3,4
667,GCA,4,7,3,6,120,2,7,7,4,2,5,6,5,4,5,1,4,6,3,2,1,0,1,2,4,1,1,1,4,3,1,2,7,6,2,3,120134,9,27,13,4,10,2,0,104,5,0,7,1,7,0,5,7,10,2,7,0,6,4,2,3,3,1,4
668,AGT,0,0,1,28,1,3,4,3,0,15,2,121569,0,2,2,6,1,0,4,1,0,0,0,0,1,0,1,3,0,0,0,0,0,8,2,3,2,0,10,4,2,2,4,15,1,3,4,5,1,1,0,2,8,5,0,2,0,2,0,3,1,0,3,5
669,CTG,1,0,0,0,0,0,0,0,0,0,0,0,0,0,7,0,0,0,7,1,0,0,38,0,0,0,3,0,91,2,120371,19,0,0,0,0,0,0,0,0,0,1,0,0,0,0,0,0,1,0,1,0,0,0,1,0,0,0,0,0,1,2,27,0
670,TGG,3,0,0,0,0,0,2,0,4,0,3,0,1,0,3,0,4,1,0,0,0,0,0,0,0,0,22,1,1,0,3,1,0,0,0,0,0,0,0,0,0,2,0,1,0,0,1,3,0,1,17,2,0,0,2,0,15,2,121321,4,2,1,8,2
671,AAT,4,18,0,122000,4,3,2,3,0,5,0,10,0,0,1,4,2,2,0,0,1,0,0,0,0,0,0,0,3,1,0,4,1,0,4,9,1,2,0,1,0,2,4,1,0,2,0,2,4,0,0,1,4,5,4,5,2,0,0,1,2,0,3,2
672,TGG,2,0,1,0,0,0,0,1,0,0,5,0,2,0,1,1,0,0,1,0,0,0,0,0,0,0,11,1,1,2,0,2,0,1,1,0,0,0,0,1,0,0,1,1,1,0,1,0,0,0,10,0,3,0,0,0,19,1,121711,4,1,0,5,3
673,TTT,1,0,0,0,0,0,0,0,0,0,2,0,2,0,0,1,2,0,0,2,0,0,1,0,0,0,0,1,0,0,1,13,0,0,1,0,0,1,0,2,0,0,0,0,0,0,0,2,0,2,1,4,0,0,0,9,0,0,0,0,2,11,2,121653
674,GAC,1,19,0,1,1,11,7,1,0,0,2,0,1,1,0,3,4,3,1,3,0,0,0,0,2,0,3,4,1,0,0,0,40,121151,8,48,5,11,3,10,0,27,1,1,1,3,10,2,1,9,0,2,3,2,2,2,0,0,0,0,1,0,1,0
675,ATA,1,0,0,0,30,1,0,0,1,0,1,0,120605,1,3,7,0,0,0,0,0,0,0,0,0,0,0,0,2,0,2,2,0,0,0,0,0,0,0,0,0,0,0,0,8,0,1,1,0,0,0,0,0,0,0,0,0,0,0,1,5,0,1,0
676,TCA,2,0,2,0,1,0,3,4,0,3,0,3,4,2,1,10,0,0,0,0,11,0,0,0,0,0,0,0,0,0,0,3,1,0,2,0,4,0,1,2,0,0,0,0,6,8,5,5,3,0,0,0,121329,3,14,3,1,0,0,1,6,0,0,0
677,AAC,11,122255,4,31,0,0,1,0,0,6,2,1,0,1,2,2,0,0,1,0,0,1,0,0,3,0,1,2,4,0,0,2,3,3,0,0,0,0,0,1,0,0,0,0,0,1,0,0,0,3,0,0,0,0,1,0,0,2,1,3,6,0,1,0
678,TGG,0,0,0,2,0,0,0,3,0,0,3,1,1,0,0,0,0,0,0,0,0,0,0,0,0,0,5,2,0,0,0,1,0,1,0,0,0,0,0,0,0,0,4,0,0,0,0,0,0,0,13,0,1,1,1,0,25,0,121621,2,0,0,3,1
679,CTG,0,0,0,0,0,1,0,0,0,0,0,0,0,0,2,2,0,0,1,0,0,1,6,0,0,0,4,0,40,3,121229,7,0,0,0,0,0,0,0,0,0,0,0,0,0,0,0,0,0,0,0,0,0,0,0,0,0,0,0,0,1,0,44,0
680,TGG,0,0,1,0,0,0,0,0,0,1,3,0,0,0,0,0,0,0,0,0,0,0,0,0,0,0,2,0,0,0,0,0,0,0,0,0,0,0,0,0,0,0,2,0,0,0,0,1,0,0,19,0,0,0,1,0,34,0,121033,1,1,0,4,0
681,TAT,2,0,0,1,1,2,0,0,0,0,2,0,0,0,0,0,0,2,0,17,0,0,0,0,0,0,1,1,0,0,1,0,0,0,0,1,0,1,0,0,0,1,0,0,0,0,0,0,2,23,0,122132,0,0,0,0,0,0,0,1,0,4,0,4
682,ATA,5,2,0,3,8,5,1,0,1,2,0,0,122422,8,5,7,1,0,0,1,0,0,1,1,0,0,0,0,0,0,0,0,2,0,0,2,0,0,0,0,0,0,0,0,5,0,1,0,0,0,0,0,0,0,1,0,0,1,0,0,1,0,0,1
683,AAA,122311,0,4,0,0,0,0,0,11,0,2,0,0,0,0,0,6,0,1,3,0,0,1,0,5,3,5,2,0,0,0,0,2,0,0,0,1,0,0,0,0,0,0,0,0,0,0,0,0,2,0,0,0,0,0,0,0,0,0,0,0,0,0,0
684,ATA,8,1,0,0,3,0,2,1,0,1,0,4,122111,1,2,14,0,2,2,1,3,0,0,0,4,0,0,0,4,3,8,3,0,0,0,0,0,0,1,0,1,0,1,0,5,0,6,0,0,0,0,4,4,1,1,1,2,0,0,1,23,1,4,4
685,TTT,0,0,0,0,0,0,0,0,0,0,0,0,0,0,0,3,0,0,0,0,0,0,0,0,0,0,0,0,0,1,0,3,0,0,0,0,0,0,0,0,1,2,0,1,0,0,0,0,0,0,0,2,0,2,0,5,0,3,4,3,5,17,0,122276
686,ATA,4,1,3,3,6,0,0,4,2,0,0,3,121938,1,14,4,2,2,0,3,0,0,0,1,0,0,0,0,1,2,1,1,0,0,0,0,0,0,0,1,0,0,1,0,13,2,2,3,0,2,0,3,4,0,1,0,3,0,0,0,5,0,2,0
687,ATG,0,2,7,2,1,2,11,4,2,0,8,3,18,2,122246,15,3,0,5,0,1,0,0,0,0,0,2,0,2,2,4,0,0,0,0,0,0,0,0,0,3,0,0,3,3,0,16,1,0,1,0,1,0,0,2,0,0,5,1,2,3,0,1,1
688,ATA,8,0,0,0,7,0,0,0,0,4,0,0,120905,8,50,5,1,0,2,0,1,0,0,0,0,0,0,0,1,3,1,13,1,0,0,0,2,1,1,3,0,3,3,3,9,4,9,2,0,5,0,3,0,5,1,2,0,1,1,3,14,0,2,0
689,GTA,0,0,0,2,1,0,4,1,0,0,0,1,48,0,1,0,0,0,0,0,0,0,0,0,0,0,0,0,5,2,0,3,0,0,0,0,4,0,2,3,0,0,2,2,121655,0,48,4,0,0,0,2,4,1,0,2,0,0,0,3,13,2,3,5
690,GGA,0,0,0,0,0,1,0,0,15,1,0,0,0,0,3,1,0,0,0,0,0,3,4,0,0,0,0,0,1,2,0,0,21,0,1,0,0,3,4,0,121332,0,43,4,5,1,4,1,0,0,0,0,0,0,2,3,3,2,0,1,3,0,1,3
691,GGC,1,4,0,0,0,2,1,7,0,30,0,2,0,0,3,0,0,4,1,2,2,1,1,4,0,0,0,0,1,0,2,2,2,32,0,0,0,3,1,4,21,120840,1,23,1,4,1,2,0,3,0,1,0,3,4,0,0,12,1,1,1,0,0,0
692,TTA,0,2,0,0,8,7,1,2,1,2,0,2,27,0,2,2,3,5,0,2,3,0,1,0,0,0,0,0,14,2,1,6,1,0,1,0,1,1,2,0,4,0,5,6,9,4,0,3,12,4,0,5,39,1,4,0,0,0,1,6,122022,0,13,6
693,ATA,2,0,0,2,11,4,2,12,0,5,1,3,121760,5,49,9,3,1,1,0,2,0,0,0,2,0,0,0,3,1,5,2,3,0,0,1,1,2,2,1,4,8,2,3,9,6,0,5,0,2,0,2,9,1,0,4,0,4,4,2,5,6,6,5
694,GGA,0,1,0,0,2,4,3,0,17,8,0,3,4,1,0,2,0,1,0,1,11,7,1,1,0,0,0,0,2,2,4,1,10,0,0,0,8,2,0,1,121889,3,19,4,8,3,0,5,0,7,0,1,2,3,1,3,5,0,3,0,3,1,2,7
695,TTA,0,1,0,2,0,6,2,8,0,10,0,4,8,7,2,3,9,4,8,5,5,2,2,1,2,0,0,1,7,6,2,7,1,0,3,0,13,0,6,7,4,3,10,6,7,2,3,6,5,3,0,15,10,12,21,2,0,7,6,8,118685,10,27,6
696,AGA,78,2,5,4,0,1,2,2,121727,0,14,1,10,0,0,1,2,3,2,2,1,2,1,3,2,5,11,5,2,0,2,4,1,3,4,0,4,3,4,5,4,0,3,4,1,2,2,4,0,2,0,3,0,1,5,1,5,3,7,1,3,1,3,5
697,ATA,2,0,0,0,9,4,3,7,0,1,0,5,121663,5,12,7,0,0,0,0,0,0,0,0,0,0,0,0,4,8,5,5,0,0,0,0,0,0,6,4,3,4,4,8,14,0,2,7,0,1,0,0,4,1,3,11,0,6,0,2,3,3,9,6
698,GTT,0,3,0,3,4,0,2,8,1,3,0,3,7,2,3,29,0,2,0,0,2,10,8,1,0,0,0,0,8,8,8,9,1,0,1,0,6,3,8,11,4,0,2,8,7,13,3,121764,0,3,1,6,11,8,7,6,0,4,5,6,1,8,11,18
699,TTT,3,3,3,1,3,3,1,1,3,2,3,1,5,1,1,3,1,3,3,1,1,3,1,4,2,1,0,5,4,3,3,15,2,1,5,2,1,0,1,0,4,6,0,8,2,4,3,4,0,3,1,17,2,4,6,13,0,6,6,9,6,5,14,121418
700,GCT,0,0,2,1,2,3,1,26,0,0,0,0,1,2,0,5,1,3,0,2,0,0,2,1,0,0,0,0,1,0,1,0,1,2,0,13,8,47,6,121415,1,2,5,1,3,3,2,138,0,2,0,2,3,1,1,12,0,5,1,3,1,0,6,0
701,GTG,0,0,0,0,0,0,2,1,0,0,0,1,1,3,53,0,0,0,0,0,0,1,0,1,0,0,0,0,1,2,5,1,0,0,2,1,5,3,6,10,4,1,8,2,91,3,121520,14,0,0,0,1,0,2,0,1,0,2,2,1,4,2,10,2
702,CTT,0,1,2,2,4,3,4,3,1,2,1,1,4,1,3,19,3,7,1,8,1,4,0,13,9,6,5,6,6,8,4,120535,1,0,2,2,0,2,1,2,0,2,6,3,2,0,2,6,0,0,0,0,3,5,1,2,0,0,1,6,1,1,3,40
